proposal_1_id,proposal_2_id,proposal_1_title,proposal_2_title,proposal_1_who,proposal_2_who,tfidf_similarity,embedding_similarity,keyword_overlap_count,keyword_jaccard,topic_similarity
ai_generate_ideas_no_role_llama_10,ai_generate_ideas_no_role_gpt_02,Community-Scale Identification of Non-Coding RNAs in Human Diseases,Cross-Disciplinary Analysis of Neurodegenerative Diseases,ai,ai,0.23860242307918852,0.7738414850291897,5,0.14285714285714285,0.023934038507852036
ai_generate_ideas_no_role_llama_10,ai_generate_ideas_no_role_gpt_03,Community-Scale Identification of Non-Coding RNAs in Human Diseases,Data-Driven Approach to Understanding Antibiotic Resistance,ai,ai,0.15819913569615957,0.7223028921619463,3,0.08108108108108109,0.999982313064337
ai_generate_ideas_no_role_llama_10,ai_generate_ideas_no_role_gpt_04,Community-Scale Identification of Non-Coding RNAs in Human Diseases,Synthetic Biology: Data Synthesis for Biofuel Production,ai,ai,0.16595541202819816,0.6706392010165345,4,0.1111111111111111,0.023614018197997556
ai_generate_ideas_no_role_llama_10,ai_generate_ideas_no_role_gpt_07,Community-Scale Identification of Non-Coding RNAs in Human Diseases,Data-Driven Approach to Understanding Stem Cell Differentiation,ai,ai,0.16534736616011503,0.7352487228040447,3,0.08108108108108109,0.025837580994161974
ai_generate_ideas_no_role_llama_10,ai_generate_ideas_no_role_gpt_08,Community-Scale Identification of Non-Coding RNAs in Human Diseases,Synthetic Biology: Data Synthesis for Gene Therapy,ai,ai,0.16370163572993293,0.6999267302882203,2,0.05263157894736842,0.9999917517431255
ai_generate_ideas_no_role_llama_10,ai_generate_ideas_no_role_gpt_09,Community-Scale Identification of Non-Coding RNAs in Human Diseases,Data Synthesis for Understanding Protein Folding,ai,ai,0.21007327935359987,0.7328679133013065,5,0.14285714285714285,0.022583084862368076
ai_generate_ideas_no_role_llama_10,ai_generate_ideas_no_role_qwen_04,Community-Scale Identification of Non-Coding RNAs in Human Diseases,Cross-Disciplinary Analysis of Host-Microbiome Interactions in Chronic Inflammatory Diseases,ai,ai,0.2425999499855926,0.6984152823734,5,0.14285714285714285,0.023379017882601147
ai_generate_ideas_no_role_llama_10,ai_generate_ideas_no_role_qwen_06,Community-Scale Identification of Non-Coding RNAs in Human Diseases,Synthesizing Single-Cell Data to Explore Immune Cell Dynamics in Tumor Microenvironments,ai,ai,0.1921466501240814,0.7867335285180692,6,0.17647058823529413,0.023081685065915722
ai_generate_ideas_no_role_llama_10,ai_generate_ideas_no_role_qwen_09,Community-Scale Identification of Non-Coding RNAs in Human Diseases,Synthesizing Plant Omics Data to Elucidate Stress Response Mechanisms,ai,ai,0.21566136693033597,0.7019654977078869,3,0.08108108108108109,0.022982385420534244
ai_generate_ideas_no_role_llama_10,ai_generate_diverse_ideas_gpt_04,Community-Scale Identification of Non-Coding RNAs in Human Diseases,Synthesis of Proteomic Data for Drug Discovery,ai,ai,0.20088906061368542,0.7083089309644011,3,0.08108108108108109,0.026360118034990294
ai_generate_ideas_no_role_llama_10,ai_generate_diverse_ideas_gpt_05,Community-Scale Identification of Non-Coding RNAs in Human Diseases,Integration of Epigenetic Data for Understanding Aging,ai,ai,0.190203771052363,0.7115542424222878,5,0.14285714285714285,0.02449795313775827
ai_generate_ideas_no_role_llama_10,ai_generate_diverse_ideas_gpt_06,Community-Scale Identification of Non-Coding RNAs in Human Diseases,Cross-Disciplinary Analysis of Metagenomic Data for Environmental Health,ai,ai,0.1815352338550726,0.6932997404852275,6,0.17647058823529413,0.02670791808319193
ai_generate_ideas_no_role_llama_10,ai_generate_diverse_ideas_gpt_06_2,Community-Scale Identification of Non-Coding RNAs in Human Diseases,Cross-Disciplinary Approach to Unraveling the Mysteries of Genetic Disorders,ai,ai,0.24114595515904902,0.7710335634215704,3,0.08108108108108109,0.02250845055330275
ai_generate_ideas_no_role_llama_10,ai_generate_diverse_ideas_gpt_07_2,Community-Scale Identification of Non-Coding RNAs in Human Diseases,Data Synthesis for Understanding the Molecular Mechanisms of Immune Response,ai,ai,0.20632592008435477,0.7379144786883504,3,0.08108108108108109,0.024366340254975232
ai_generate_ideas_no_role_llama_10,ai_generate_diverse_ideas_gpt_08_2,Community-Scale Identification of Non-Coding RNAs in Human Diseases,Synthesis of Molecular Data for Understanding the Impact of Lifestyle Factors on Human Health,ai,ai,0.20132862212979075,0.769260997393385,5,0.14285714285714285,0.9999893850599553
ai_generate_ideas_no_role_llama_10,ai_generate_diverse_ideas_llama_01,Community-Scale Identification of Non-Coding RNAs in Human Diseases,Multimodal Data Integration for Predicting Cellular States,ai,ai,0.23601206655952617,0.7251409357434888,2,0.05263157894736842,0.024686214814888648
ai_generate_ideas_no_role_llama_10,ai_generate_diverse_ideas_llama_08,Community-Scale Identification of Non-Coding RNAs in Human Diseases,Integrative Analysis of Metabolic and Regulatory Networks,ai,ai,0.18854469043176855,0.7819609827071992,4,0.1111111111111111,0.024236872069786537
ai_generate_ideas_no_role_llama_10,ai_generate_diverse_ideas_llama_09,Community-Scale Identification of Non-Coding RNAs in Human Diseases,Data-Driven Insights into the Biology of Rare Diseases,ai,ai,0.29062761162361883,0.7772075098462233,6,0.17647058823529413,0.02375214803561684
ai_generate_ideas_no_role_llama_10,ai_generate_diverse_ideas_llama_04_2,Community-Scale Identification of Non-Coding RNAs in Human Diseases,Synthetic Biology for Biological Timekeeping: Design and Construction of Novel Biological Clocks,ai,ai,0.14967330599888576,0.68440220887542,2,0.05263157894736842,0.026290034304895564
ai_generate_ideas_no_role_llama_10,ai_generate_diverse_ideas_llama_08_2,Community-Scale Identification of Non-Coding RNAs in Human Diseases,Computational Analysis of Topological Features in Biological Networks,ai,ai,0.15584164223438382,0.707122228719367,3,0.08108108108108109,0.027152729533181246
ai_generate_ideas_no_role_llama_10,ai_generate_diverse_ideas_claude_03,Community-Scale Identification of Non-Coding RNAs in Human Diseases,Deciphering the Glycan Code: Integrating Glycomics Data to Understand Carbohydrate-Mediated Cellular Communication,ai,ai,0.18940481458323938,0.5302440966997651,3,0.08108108108108109,0.02907433484525429
ai_generate_ideas_no_role_gpt_02,ai_generate_ideas_no_role_llama_10,Cross-Disciplinary Analysis of Neurodegenerative Diseases,Community-Scale Identification of Non-Coding RNAs in Human Diseases,ai,ai,0.2386024230791885,0.7738414850291897,5,0.14285714285714285,0.023934038507852036
ai_generate_ideas_no_role_gpt_02,ai_generate_ideas_no_role_gpt_03,Cross-Disciplinary Analysis of Neurodegenerative Diseases,Data-Driven Approach to Understanding Antibiotic Resistance,ai,ai,0.23075916175477773,0.7140366788453336,4,0.1111111111111111,0.027496286349646046
ai_generate_ideas_no_role_gpt_02,ai_generate_ideas_no_role_gpt_04,Cross-Disciplinary Analysis of Neurodegenerative Diseases,Synthetic Biology: Data Synthesis for Biofuel Production,ai,ai,0.24381178335131928,0.6978610375938443,4,0.1111111111111111,0.02612148638702084
ai_generate_ideas_no_role_gpt_02,ai_generate_ideas_no_role_gpt_07,Cross-Disciplinary Analysis of Neurodegenerative Diseases,Data-Driven Approach to Understanding Stem Cell Differentiation,ai,ai,0.23775755523102302,0.751081817280645,5,0.14285714285714285,0.028770968669689076
ai_generate_ideas_no_role_gpt_02,ai_generate_ideas_no_role_gpt_08,Cross-Disciplinary Analysis of Neurodegenerative Diseases,Synthetic Biology: Data Synthesis for Gene Therapy,ai,ai,0.24440088291971007,0.6586381816989815,4,0.1111111111111111,0.999999999379134
ai_generate_ideas_no_role_gpt_02,ai_generate_ideas_no_role_gpt_09,Cross-Disciplinary Analysis of Neurodegenerative Diseases,Data Synthesis for Understanding Protein Folding,ai,ai,0.31761207366599115,0.7856482072035429,5,0.14285714285714285,0.02494672883049086
ai_generate_ideas_no_role_gpt_02,ai_generate_ideas_no_role_qwen_04,Cross-Disciplinary Analysis of Neurodegenerative Diseases,Cross-Disciplinary Analysis of Host-Microbiome Interactions in Chronic Inflammatory Diseases,ai,ai,0.27191183377713146,0.7126756718070955,4,0.1111111111111111,0.023902294305095256
ai_generate_ideas_no_role_gpt_02,ai_generate_ideas_no_role_qwen_06,Cross-Disciplinary Analysis of Neurodegenerative Diseases,Synthesizing Single-Cell Data to Explore Immune Cell Dynamics in Tumor Microenvironments,ai,ai,0.11984820104246018,0.6943036187684604,4,0.1111111111111111,0.023946096994580966
ai_generate_ideas_no_role_gpt_02,ai_generate_ideas_no_role_qwen_09,Cross-Disciplinary Analysis of Neurodegenerative Diseases,Synthesizing Plant Omics Data to Elucidate Stress Response Mechanisms,ai,ai,0.16494292780767306,0.6823081629049004,3,0.08108108108108109,0.023963184502132764
ai_generate_ideas_no_role_gpt_02,ai_generate_diverse_ideas_gpt_04,Cross-Disciplinary Analysis of Neurodegenerative Diseases,Synthesis of Proteomic Data for Drug Discovery,ai,ai,0.217966115480426,0.7507943724731923,4,0.1111111111111111,0.02919458020793004
ai_generate_ideas_no_role_gpt_02,ai_generate_diverse_ideas_gpt_05,Cross-Disciplinary Analysis of Neurodegenerative Diseases,Integration of Epigenetic Data for Understanding Aging,ai,ai,0.21007746624198165,0.7483815587216694,5,0.14285714285714285,0.9999998126396692
ai_generate_ideas_no_role_gpt_02,ai_generate_diverse_ideas_gpt_06,Cross-Disciplinary Analysis of Neurodegenerative Diseases,Cross-Disciplinary Analysis of Metagenomic Data for Environmental Health,ai,ai,0.22027286598788157,0.7107552151474863,5,0.14285714285714285,0.02976349978613997
ai_generate_ideas_no_role_gpt_02,ai_generate_diverse_ideas_gpt_06_2,Cross-Disciplinary Analysis of Neurodegenerative Diseases,Cross-Disciplinary Approach to Unraveling the Mysteries of Genetic Disorders,ai,ai,0.3240468710822735,0.7794964123713011,5,0.14285714285714285,0.9999872040668394
ai_generate_ideas_no_role_gpt_02,ai_generate_diverse_ideas_gpt_07_2,Cross-Disciplinary Analysis of Neurodegenerative Diseases,Data Synthesis for Understanding the Molecular Mechanisms of Immune Response,ai,ai,0.31987933499628124,0.746390949592461,6,0.17647058823529413,0.025719403506472026
ai_generate_ideas_no_role_gpt_02,ai_generate_diverse_ideas_gpt_08_2,Cross-Disciplinary Analysis of Neurodegenerative Diseases,Synthesis of Molecular Data for Understanding the Impact of Lifestyle Factors on Human Health,ai,ai,0.32216106648844844,0.7781629504842422,7,0.21212121212121213,0.9999998242813389
ai_generate_ideas_no_role_gpt_02,ai_generate_diverse_ideas_llama_01,Cross-Disciplinary Analysis of Neurodegenerative Diseases,Multimodal Data Integration for Predicting Cellular States,ai,ai,0.24805691932617854,0.7489649493338725,3,0.08108108108108109,0.9999959307752727
ai_generate_ideas_no_role_gpt_02,ai_generate_diverse_ideas_llama_08,Cross-Disciplinary Analysis of Neurodegenerative Diseases,Integrative Analysis of Metabolic and Regulatory Networks,ai,ai,0.16208167672817578,0.7701947788895477,4,0.1111111111111111,0.026029832648538132
ai_generate_ideas_no_role_gpt_02,ai_generate_diverse_ideas_llama_09,Cross-Disciplinary Analysis of Neurodegenerative Diseases,Data-Driven Insights into the Biology of Rare Diseases,ai,ai,0.2719808144345569,0.7774613473034709,5,0.14285714285714285,0.9999911007742878
ai_generate_ideas_no_role_gpt_02,ai_generate_diverse_ideas_llama_04_2,Cross-Disciplinary Analysis of Neurodegenerative Diseases,Synthetic Biology for Biological Timekeeping: Design and Construction of Novel Biological Clocks,ai,ai,0.12264494725324604,0.6940073820222918,3,0.08108108108108109,0.02798099309824188
ai_generate_ideas_no_role_gpt_02,ai_generate_diverse_ideas_llama_08_2,Cross-Disciplinary Analysis of Neurodegenerative Diseases,Computational Analysis of Topological Features in Biological Networks,ai,ai,0.13042124653434628,0.7166163021740339,3,0.08108108108108109,0.029695408825619884
ai_generate_ideas_no_role_gpt_02,ai_generate_diverse_ideas_claude_03,Cross-Disciplinary Analysis of Neurodegenerative Diseases,Deciphering the Glycan Code: Integrating Glycomics Data to Understand Carbohydrate-Mediated Cellular Communication,ai,ai,0.17048831099626824,0.560140234452806,3,0.08108108108108109,0.03248474006812056
ai_generate_ideas_no_role_gpt_03,ai_generate_ideas_no_role_llama_10,Data-Driven Approach to Understanding Antibiotic Resistance,Community-Scale Identification of Non-Coding RNAs in Human Diseases,ai,ai,0.15819913569615962,0.7223028921619463,3,0.08108108108108109,0.999982313064337
ai_generate_ideas_no_role_gpt_03,ai_generate_ideas_no_role_gpt_02,Data-Driven Approach to Understanding Antibiotic Resistance,Cross-Disciplinary Analysis of Neurodegenerative Diseases,ai,ai,0.2307591617547771,0.7140366788453336,4,0.1111111111111111,0.027496286349646046
ai_generate_ideas_no_role_gpt_03,ai_generate_ideas_no_role_gpt_04,Data-Driven Approach to Understanding Antibiotic Resistance,Synthetic Biology: Data Synthesis for Biofuel Production,ai,ai,0.18538317453953715,0.7161128104167738,4,0.1111111111111111,0.026581292067748872
ai_generate_ideas_no_role_gpt_03,ai_generate_ideas_no_role_gpt_07,Data-Driven Approach to Understanding Antibiotic Resistance,Data-Driven Approach to Understanding Stem Cell Differentiation,ai,ai,0.20748348833565575,0.711882068198427,4,0.1111111111111111,0.029170335343620055
ai_generate_ideas_no_role_gpt_03,ai_generate_ideas_no_role_gpt_08,Data-Driven Approach to Understanding Antibiotic Resistance,Synthetic Biology: Data Synthesis for Gene Therapy,ai,ai,0.18524171474462625,0.7525447605180327,4,0.1111111111111111,0.999999688880964
ai_generate_ideas_no_role_gpt_03,ai_generate_ideas_no_role_gpt_09,Data-Driven Approach to Understanding Antibiotic Resistance,Data Synthesis for Understanding Protein Folding,ai,ai,0.2226579668377467,0.7475747723567054,7,0.21212121212121213,0.02584891544831582
ai_generate_ideas_no_role_gpt_03,ai_generate_ideas_no_role_qwen_04,Data-Driven Approach to Understanding Antibiotic Resistance,Cross-Disciplinary Analysis of Host-Microbiome Interactions in Chronic Inflammatory Diseases,ai,ai,0.1483196136280182,0.7688475818238083,2,0.05263157894736842,0.025432989818288065
ai_generate_ideas_no_role_gpt_03,ai_generate_ideas_no_role_qwen_06,Data-Driven Approach to Understanding Antibiotic Resistance,Synthesizing Single-Cell Data to Explore Immune Cell Dynamics in Tumor Microenvironments,ai,ai,0.1031028777970901,0.6979892717713579,3,0.08108108108108109,0.024423899606763604
ai_generate_ideas_no_role_gpt_03,ai_generate_ideas_no_role_qwen_09,Data-Driven Approach to Understanding Antibiotic Resistance,Synthesizing Plant Omics Data to Elucidate Stress Response Mechanisms,ai,ai,0.14693873567842372,0.6907269089032634,3,0.08108108108108109,0.0243573250550145
ai_generate_ideas_no_role_gpt_03,ai_generate_diverse_ideas_gpt_04,Data-Driven Approach to Understanding Antibiotic Resistance,Synthesis of Proteomic Data for Drug Discovery,ai,ai,0.19519399729203407,0.7320469591946002,3,0.08108108108108109,0.02966559382308537
ai_generate_ideas_no_role_gpt_03,ai_generate_diverse_ideas_gpt_05,Data-Driven Approach to Understanding Antibiotic Resistance,Integration of Epigenetic Data for Understanding Aging,ai,ai,0.17973401532196698,0.6661933377934023,5,0.14285714285714285,0.0278949568784278
ai_generate_ideas_no_role_gpt_03,ai_generate_diverse_ideas_gpt_06,Data-Driven Approach to Understanding Antibiotic Resistance,Cross-Disciplinary Analysis of Metagenomic Data for Environmental Health,ai,ai,0.19643482295161047,0.7370941042143826,5,0.14285714285714285,0.029694232035477813
ai_generate_ideas_no_role_gpt_03,ai_generate_diverse_ideas_gpt_06_2,Data-Driven Approach to Understanding Antibiotic Resistance,Cross-Disciplinary Approach to Unraveling the Mysteries of Genetic Disorders,ai,ai,0.3134939480667311,0.757289075748421,7,0.21212121212121213,0.024949538156196237
ai_generate_ideas_no_role_gpt_03,ai_generate_diverse_ideas_gpt_07_2,Data-Driven Approach to Understanding Antibiotic Resistance,Data Synthesis for Understanding the Molecular Mechanisms of Immune Response,ai,ai,0.21278184584260934,0.7744408448274321,6,0.17647058823529413,0.026482064843179696
ai_generate_ideas_no_role_gpt_03,ai_generate_diverse_ideas_gpt_08_2,Data-Driven Approach to Understanding Antibiotic Resistance,Synthesis of Molecular Data for Understanding the Impact of Lifestyle Factors on Human Health,ai,ai,0.2700593963356848,0.7464468590759186,8,0.25,0.027176773105210314
ai_generate_ideas_no_role_gpt_03,ai_generate_diverse_ideas_llama_01,Data-Driven Approach to Understanding Antibiotic Resistance,Multimodal Data Integration for Predicting Cellular States,ai,ai,0.17124605710622492,0.6645619159854375,2,0.05263157894736842,0.026086950262905393
ai_generate_ideas_no_role_gpt_03,ai_generate_diverse_ideas_llama_08,Data-Driven Approach to Understanding Antibiotic Resistance,Integrative Analysis of Metabolic and Regulatory Networks,ai,ai,0.1411505885347024,0.7009501118098904,6,0.17647058823529413,0.026114721227176625
ai_generate_ideas_no_role_gpt_03,ai_generate_diverse_ideas_llama_09,Data-Driven Approach to Understanding Antibiotic Resistance,Data-Driven Insights into the Biology of Rare Diseases,ai,ai,0.1674132907195202,0.7308453703369493,4,0.1111111111111111,0.02519724231451053
ai_generate_ideas_no_role_gpt_03,ai_generate_diverse_ideas_llama_04_2,Data-Driven Approach to Understanding Antibiotic Resistance,Synthetic Biology for Biological Timekeeping: Design and Construction of Novel Biological Clocks,ai,ai,0.11216967782613836,0.6837367327396877,4,0.1111111111111111,0.028056893184762375
ai_generate_ideas_no_role_gpt_03,ai_generate_diverse_ideas_llama_08_2,Data-Driven Approach to Understanding Antibiotic Resistance,Computational Analysis of Topological Features in Biological Networks,ai,ai,0.11064678571917975,0.6691795460208565,2,0.05263157894736842,0.030035276072588737
ai_generate_ideas_no_role_gpt_03,ai_generate_diverse_ideas_claude_03,Data-Driven Approach to Understanding Antibiotic Resistance,Deciphering the Glycan Code: Integrating Glycomics Data to Understand Carbohydrate-Mediated Cellular Communication,ai,ai,0.1369283285854739,0.5297985133216281,2,0.05263157894736842,0.03435754528212705
ai_generate_ideas_no_role_gpt_04,ai_generate_ideas_no_role_llama_10,Synthetic Biology: Data Synthesis for Biofuel Production,Community-Scale Identification of Non-Coding RNAs in Human Diseases,ai,ai,0.16595541202819755,0.6706392010165345,4,0.1111111111111111,0.023614018197997556
ai_generate_ideas_no_role_gpt_04,ai_generate_ideas_no_role_gpt_02,Synthetic Biology: Data Synthesis for Biofuel Production,Cross-Disciplinary Analysis of Neurodegenerative Diseases,ai,ai,0.24381178335131862,0.6978610375938443,4,0.1111111111111111,0.02612148638702084
ai_generate_ideas_no_role_gpt_04,ai_generate_ideas_no_role_gpt_03,Synthetic Biology: Data Synthesis for Biofuel Production,Data-Driven Approach to Understanding Antibiotic Resistance,ai,ai,0.18538317453953718,0.7161128104167738,4,0.1111111111111111,0.026581292067748872
ai_generate_ideas_no_role_gpt_04,ai_generate_ideas_no_role_gpt_07,Synthetic Biology: Data Synthesis for Biofuel Production,Data-Driven Approach to Understanding Stem Cell Differentiation,ai,ai,0.19137759368036808,0.7208786526837239,5,0.14285714285714285,0.027705606224283363
ai_generate_ideas_no_role_gpt_04,ai_generate_ideas_no_role_gpt_08,Synthetic Biology: Data Synthesis for Biofuel Production,Synthetic Biology: Data Synthesis for Gene Therapy,ai,ai,0.2671731497108806,0.7601052381978407,5,0.14285714285714285,0.02583346769110768
ai_generate_ideas_no_role_gpt_04,ai_generate_ideas_no_role_gpt_09,Synthetic Biology: Data Synthesis for Biofuel Production,Data Synthesis for Understanding Protein Folding,ai,ai,0.2393336125375846,0.7301396730815063,6,0.17647058823529413,0.024260927371710567
ai_generate_ideas_no_role_gpt_04,ai_generate_ideas_no_role_qwen_04,Synthetic Biology: Data Synthesis for Biofuel Production,Cross-Disciplinary Analysis of Host-Microbiome Interactions in Chronic Inflammatory Diseases,ai,ai,0.15834273168070379,0.6752419293333978,2,0.05263157894736842,0.02479402475496393
ai_generate_ideas_no_role_gpt_04,ai_generate_ideas_no_role_qwen_06,Synthetic Biology: Data Synthesis for Biofuel Production,Synthesizing Single-Cell Data to Explore Immune Cell Dynamics in Tumor Microenvironments,ai,ai,0.11890683514324715,0.6409576222074732,3,0.08108108108108109,0.023695083066583834
ai_generate_ideas_no_role_gpt_04,ai_generate_ideas_no_role_qwen_09,Synthetic Biology: Data Synthesis for Biofuel Production,Synthesizing Plant Omics Data to Elucidate Stress Response Mechanisms,ai,ai,0.1712807411444862,0.7540562955096698,2,0.05263157894736842,0.02357678354105672
ai_generate_ideas_no_role_gpt_04,ai_generate_diverse_ideas_gpt_04,Synthetic Biology: Data Synthesis for Biofuel Production,Synthesis of Proteomic Data for Drug Discovery,ai,ai,0.1966211455932989,0.7049959486775268,2,0.05263157894736842,0.02812244588248177
ai_generate_ideas_no_role_gpt_04,ai_generate_diverse_ideas_gpt_05,Synthetic Biology: Data Synthesis for Biofuel Production,Integration of Epigenetic Data for Understanding Aging,ai,ai,0.17675584631219418,0.6511823601520896,3,0.08108108108108109,0.026221229780774298
ai_generate_ideas_no_role_gpt_04,ai_generate_diverse_ideas_gpt_06,Synthetic Biology: Data Synthesis for Biofuel Production,Cross-Disciplinary Analysis of Metagenomic Data for Environmental Health,ai,ai,0.23069534211684545,0.7291197389506716,5,0.14285714285714285,0.028882027525612627
ai_generate_ideas_no_role_gpt_04,ai_generate_diverse_ideas_gpt_06_2,Synthetic Biology: Data Synthesis for Biofuel Production,Cross-Disciplinary Approach to Unraveling the Mysteries of Genetic Disorders,ai,ai,0.29477927981564267,0.7116025190572955,5,0.14285714285714285,0.999996634473922
ai_generate_ideas_no_role_gpt_04,ai_generate_diverse_ideas_gpt_07_2,Synthetic Biology: Data Synthesis for Biofuel Production,Data Synthesis for Understanding the Molecular Mechanisms of Immune Response,ai,ai,0.23639377737512893,0.6660196946045451,5,0.14285714285714285,0.025242233844945956
ai_generate_ideas_no_role_gpt_04,ai_generate_diverse_ideas_gpt_08_2,Synthetic Biology: Data Synthesis for Biofuel Production,Synthesis of Molecular Data for Understanding the Impact of Lifestyle Factors on Human Health,ai,ai,0.2436993385228521,0.7416647905692162,4,0.1111111111111111,0.02611818711217862
ai_generate_ideas_no_role_gpt_04,ai_generate_diverse_ideas_llama_01,Synthetic Biology: Data Synthesis for Biofuel Production,Multimodal Data Integration for Predicting Cellular States,ai,ai,0.24075682209205151,0.6969678575384007,2,0.05263157894736842,0.025138163001917336
ai_generate_ideas_no_role_gpt_04,ai_generate_diverse_ideas_llama_08,Synthetic Biology: Data Synthesis for Biofuel Production,Integrative Analysis of Metabolic and Regulatory Networks,ai,ai,0.21831526792566827,0.772832114997671,5,0.14285714285714285,0.9999998280313167
ai_generate_ideas_no_role_gpt_04,ai_generate_diverse_ideas_llama_09,Synthetic Biology: Data Synthesis for Biofuel Production,Data-Driven Insights into the Biology of Rare Diseases,ai,ai,0.2027621491146142,0.6700307301635714,4,0.1111111111111111,0.02446099065194643
ai_generate_ideas_no_role_gpt_04,ai_generate_diverse_ideas_llama_04_2,Synthetic Biology: Data Synthesis for Biofuel Production,Synthetic Biology for Biological Timekeeping: Design and Construction of Novel Biological Clocks,ai,ai,0.13807333639262664,0.7257762561311543,1,0.02564102564102564,0.025860686008626163
ai_generate_ideas_no_role_gpt_04,ai_generate_diverse_ideas_llama_08_2,Synthetic Biology: Data Synthesis for Biofuel Production,Computational Analysis of Topological Features in Biological Networks,ai,ai,0.1839001122919751,0.7105037411510412,4,0.1111111111111111,0.9999853739834917
ai_generate_ideas_no_role_gpt_04,ai_generate_diverse_ideas_claude_03,Synthetic Biology: Data Synthesis for Biofuel Production,Deciphering the Glycan Code: Integrating Glycomics Data to Understand Carbohydrate-Mediated Cellular Communication,ai,ai,0.17356197976143237,0.5680575208392982,2,0.05263157894736842,0.03349469054174945
ai_generate_ideas_no_role_gpt_07,ai_generate_ideas_no_role_llama_10,Data-Driven Approach to Understanding Stem Cell Differentiation,Community-Scale Identification of Non-Coding RNAs in Human Diseases,ai,ai,0.16534736616011492,0.7352487228040447,3,0.08108108108108109,0.025837580994161974
ai_generate_ideas_no_role_gpt_07,ai_generate_ideas_no_role_gpt_02,Data-Driven Approach to Understanding Stem Cell Differentiation,Cross-Disciplinary Analysis of Neurodegenerative Diseases,ai,ai,0.2377575552310232,0.751081817280645,5,0.14285714285714285,0.028770968669689076
ai_generate_ideas_no_role_gpt_07,ai_generate_ideas_no_role_gpt_03,Data-Driven Approach to Understanding Stem Cell Differentiation,Data-Driven Approach to Understanding Antibiotic Resistance,ai,ai,0.20748348833565305,0.711882068198427,4,0.1111111111111111,0.029170335343620055
ai_generate_ideas_no_role_gpt_07,ai_generate_ideas_no_role_gpt_04,Data-Driven Approach to Understanding Stem Cell Differentiation,Synthetic Biology: Data Synthesis for Biofuel Production,ai,ai,0.1913775936803681,0.7208786526837239,5,0.14285714285714285,0.027705606224283363
ai_generate_ideas_no_role_gpt_07,ai_generate_ideas_no_role_gpt_08,Data-Driven Approach to Understanding Stem Cell Differentiation,Synthetic Biology: Data Synthesis for Gene Therapy,ai,ai,0.17341509750458708,0.6951910492170918,3,0.08108108108108109,0.9999944641506964
ai_generate_ideas_no_role_gpt_07,ai_generate_ideas_no_role_gpt_09,Data-Driven Approach to Understanding Stem Cell Differentiation,Data Synthesis for Understanding Protein Folding,ai,ai,0.21065517047210536,0.7269152656248403,6,0.17647058823529413,0.026865814999620912
ai_generate_ideas_no_role_gpt_07,ai_generate_ideas_no_role_qwen_04,Data-Driven Approach to Understanding Stem Cell Differentiation,Cross-Disciplinary Analysis of Host-Microbiome Interactions in Chronic Inflammatory Diseases,ai,ai,0.15057716346733743,0.6775011931495434,2,0.05263157894736842,0.02616668046209867
ai_generate_ideas_no_role_gpt_07,ai_generate_ideas_no_role_qwen_06,Data-Driven Approach to Understanding Stem Cell Differentiation,Synthesizing Single-Cell Data to Explore Immune Cell Dynamics in Tumor Microenvironments,ai,ai,0.1752834318412215,0.7685889439687625,3,0.08108108108108109,0.024576302480887727
ai_generate_ideas_no_role_gpt_07,ai_generate_ideas_no_role_qwen_09,Data-Driven Approach to Understanding Stem Cell Differentiation,Synthesizing Plant Omics Data to Elucidate Stress Response Mechanisms,ai,ai,0.14835333798694877,0.7153317533441503,2,0.05263157894736842,0.025168235992243913
ai_generate_ideas_no_role_gpt_07,ai_generate_diverse_ideas_gpt_04,Data-Driven Approach to Understanding Stem Cell Differentiation,Synthesis of Proteomic Data for Drug Discovery,ai,ai,0.1731390877477276,0.7126802243591723,2,0.05263157894736842,0.030585330394243482
ai_generate_ideas_no_role_gpt_07,ai_generate_diverse_ideas_gpt_05,Data-Driven Approach to Understanding Stem Cell Differentiation,Integration of Epigenetic Data for Understanding Aging,ai,ai,0.14197167948961645,0.7176499004778272,3,0.08108108108108109,0.02862771404275999
ai_generate_ideas_no_role_gpt_07,ai_generate_diverse_ideas_gpt_06,Data-Driven Approach to Understanding Stem Cell Differentiation,Cross-Disciplinary Analysis of Metagenomic Data for Environmental Health,ai,ai,0.1708616910362399,0.7013677179075886,3,0.08108108108108109,0.03145433011673554
ai_generate_ideas_no_role_gpt_07,ai_generate_diverse_ideas_gpt_06_2,Data-Driven Approach to Understanding Stem Cell Differentiation,Cross-Disciplinary Approach to Unraveling the Mysteries of Genetic Disorders,ai,ai,0.24747012841623917,0.7635237280664544,4,0.1111111111111111,0.026365890231249668
ai_generate_ideas_no_role_gpt_07,ai_generate_diverse_ideas_gpt_07_2,Data-Driven Approach to Understanding Stem Cell Differentiation,Data Synthesis for Understanding the Molecular Mechanisms of Immune Response,ai,ai,0.2586199442738416,0.7509711980846189,6,0.17647058823529413,0.9999910611086201
ai_generate_ideas_no_role_gpt_07,ai_generate_diverse_ideas_gpt_08_2,Data-Driven Approach to Understanding Stem Cell Differentiation,Synthesis of Molecular Data for Understanding the Impact of Lifestyle Factors on Human Health,ai,ai,0.24660455194716588,0.792136829912649,6,0.17647058823529413,0.028419227393789985
ai_generate_ideas_no_role_gpt_07,ai_generate_diverse_ideas_llama_01,Data-Driven Approach to Understanding Stem Cell Differentiation,Multimodal Data Integration for Predicting Cellular States,ai,ai,0.18033846267977635,0.7631417745211229,2,0.05263157894736842,0.027092433043532767
ai_generate_ideas_no_role_gpt_07,ai_generate_diverse_ideas_llama_08,Data-Driven Approach to Understanding Stem Cell Differentiation,Integrative Analysis of Metabolic and Regulatory Networks,ai,ai,0.1409909829571832,0.7491300241982503,4,0.1111111111111111,0.02736251004527205
ai_generate_ideas_no_role_gpt_07,ai_generate_diverse_ideas_llama_09,Data-Driven Approach to Understanding Stem Cell Differentiation,Data-Driven Insights into the Biology of Rare Diseases,ai,ai,0.15859617548603092,0.7271502533776615,2,0.05263157894736842,0.02630096930829347
ai_generate_ideas_no_role_gpt_07,ai_generate_diverse_ideas_llama_04_2,Data-Driven Approach to Understanding Stem Cell Differentiation,Synthetic Biology for Biological Timekeeping: Design and Construction of Novel Biological Clocks,ai,ai,0.08885159802374754,0.6598206149216592,2,0.05263157894736842,0.02929959311575607
ai_generate_ideas_no_role_gpt_07,ai_generate_diverse_ideas_llama_08_2,Data-Driven Approach to Understanding Stem Cell Differentiation,Computational Analysis of Topological Features in Biological Networks,ai,ai,0.11399488140257097,0.699352948551836,2,0.05263157894736842,0.030735615540565364
ai_generate_ideas_no_role_gpt_07,ai_generate_diverse_ideas_claude_03,Data-Driven Approach to Understanding Stem Cell Differentiation,Deciphering the Glycan Code: Integrating Glycomics Data to Understand Carbohydrate-Mediated Cellular Communication,ai,ai,0.19016626137013107,0.538963062690561,2,0.05263157894736842,0.03641401052261503
ai_generate_ideas_no_role_gpt_08,ai_generate_ideas_no_role_llama_10,Synthetic Biology: Data Synthesis for Gene Therapy,Community-Scale Identification of Non-Coding RNAs in Human Diseases,ai,ai,0.16370163572993282,0.6999267302882203,2,0.05263157894736842,0.9999917517431255
ai_generate_ideas_no_role_gpt_08,ai_generate_ideas_no_role_gpt_02,Synthetic Biology: Data Synthesis for Gene Therapy,Cross-Disciplinary Analysis of Neurodegenerative Diseases,ai,ai,0.2444008829197103,0.6586381816989815,4,0.1111111111111111,0.999999999379134
ai_generate_ideas_no_role_gpt_08,ai_generate_ideas_no_role_gpt_03,Synthetic Biology: Data Synthesis for Gene Therapy,Data-Driven Approach to Understanding Antibiotic Resistance,ai,ai,0.18524171474462633,0.7525447605180327,4,0.1111111111111111,0.999999688880964
ai_generate_ideas_no_role_gpt_08,ai_generate_ideas_no_role_gpt_04,Synthetic Biology: Data Synthesis for Gene Therapy,Synthetic Biology: Data Synthesis for Biofuel Production,ai,ai,0.26717314971088113,0.7601052381978407,5,0.14285714285714285,0.02583346769110768
ai_generate_ideas_no_role_gpt_08,ai_generate_ideas_no_role_gpt_07,Synthetic Biology: Data Synthesis for Gene Therapy,Data-Driven Approach to Understanding Stem Cell Differentiation,ai,ai,0.1734150975045872,0.6951910492170918,3,0.08108108108108109,0.9999944641506964
ai_generate_ideas_no_role_gpt_08,ai_generate_ideas_no_role_gpt_09,Synthetic Biology: Data Synthesis for Gene Therapy,Data Synthesis for Understanding Protein Folding,ai,ai,0.218985413114715,0.7085276652136024,4,0.1111111111111111,0.9999958059564681
ai_generate_ideas_no_role_gpt_08,ai_generate_ideas_no_role_qwen_04,Synthetic Biology: Data Synthesis for Gene Therapy,Cross-Disciplinary Analysis of Host-Microbiome Interactions in Chronic Inflammatory Diseases,ai,ai,0.14687965388858343,0.6535702062802592,2,0.05263157894736842,0.024957134784420548
ai_generate_ideas_no_role_gpt_08,ai_generate_ideas_no_role_qwen_06,Synthetic Biology: Data Synthesis for Gene Therapy,Synthesizing Single-Cell Data to Explore Immune Cell Dynamics in Tumor Microenvironments,ai,ai,0.13257532392166618,0.7064420060918759,3,0.08108108108108109,0.023974432612112646
ai_generate_ideas_no_role_gpt_08,ai_generate_ideas_no_role_qwen_09,Synthetic Biology: Data Synthesis for Gene Therapy,Synthesizing Plant Omics Data to Elucidate Stress Response Mechanisms,ai,ai,0.16853606228500856,0.684259699221889,3,0.08108108108108109,0.9999695745265622
ai_generate_ideas_no_role_gpt_08,ai_generate_diverse_ideas_gpt_04,Synthetic Biology: Data Synthesis for Gene Therapy,Synthesis of Proteomic Data for Drug Discovery,ai,ai,0.15148666054921206,0.6756783225830767,2,0.05263157894736842,0.999994258022869
ai_generate_ideas_no_role_gpt_08,ai_generate_diverse_ideas_gpt_05,Synthetic Biology: Data Synthesis for Gene Therapy,Integration of Epigenetic Data for Understanding Aging,ai,ai,0.17988999236143313,0.6309164150138673,2,0.05263157894736842,0.02707678375161226
ai_generate_ideas_no_role_gpt_08,ai_generate_diverse_ideas_gpt_06,Synthetic Biology: Data Synthesis for Gene Therapy,Cross-Disciplinary Analysis of Metagenomic Data for Environmental Health,ai,ai,0.20551253598638256,0.6670651910455431,3,0.08108108108108109,0.029699732915753025
ai_generate_ideas_no_role_gpt_08,ai_generate_diverse_ideas_gpt_06_2,Synthetic Biology: Data Synthesis for Gene Therapy,Cross-Disciplinary Approach to Unraveling the Mysteries of Genetic Disorders,ai,ai,0.30686061643800533,0.7280188344969711,6,0.17647058823529413,0.024499059309114987
ai_generate_ideas_no_role_gpt_08,ai_generate_diverse_ideas_gpt_07_2,Synthetic Biology: Data Synthesis for Gene Therapy,Data Synthesis for Understanding the Molecular Mechanisms of Immune Response,ai,ai,0.2339597810350315,0.731987310224645,5,0.14285714285714285,0.02582395279376401
ai_generate_ideas_no_role_gpt_08,ai_generate_diverse_ideas_gpt_08_2,Synthetic Biology: Data Synthesis for Gene Therapy,Synthesis of Molecular Data for Understanding the Impact of Lifestyle Factors on Human Health,ai,ai,0.25460980597155364,0.6829818967380461,5,0.14285714285714285,0.999999992319239
ai_generate_ideas_no_role_gpt_08,ai_generate_diverse_ideas_llama_01,Synthetic Biology: Data Synthesis for Gene Therapy,Multimodal Data Integration for Predicting Cellular States,ai,ai,0.23518649080593765,0.6702549778871704,2,0.05263157894736842,0.02579920865611042
ai_generate_ideas_no_role_gpt_08,ai_generate_diverse_ideas_llama_08,Synthetic Biology: Data Synthesis for Gene Therapy,Integrative Analysis of Metabolic and Regulatory Networks,ai,ai,0.13872876880427443,0.6647068830619713,2,0.05263157894736842,0.025420273585455143
ai_generate_ideas_no_role_gpt_08,ai_generate_diverse_ideas_llama_09,Synthetic Biology: Data Synthesis for Gene Therapy,Data-Driven Insights into the Biology of Rare Diseases,ai,ai,0.18168950044898835,0.7111940295427024,3,0.08108108108108109,0.025219801989846427
ai_generate_ideas_no_role_gpt_08,ai_generate_diverse_ideas_llama_04_2,Synthetic Biology: Data Synthesis for Gene Therapy,Synthetic Biology for Biological Timekeeping: Design and Construction of Novel Biological Clocks,ai,ai,0.15896879369486278,0.6980145900858616,1,0.02564102564102564,0.026681026063021307
ai_generate_ideas_no_role_gpt_08,ai_generate_diverse_ideas_llama_08_2,Synthetic Biology: Data Synthesis for Gene Therapy,Computational Analysis of Topological Features in Biological Networks,ai,ai,0.16204270781893637,0.6482143220664244,2,0.05263157894736842,0.028558411452993072
ai_generate_ideas_no_role_gpt_08,ai_generate_diverse_ideas_claude_03,Synthetic Biology: Data Synthesis for Gene Therapy,Deciphering the Glycan Code: Integrating Glycomics Data to Understand Carbohydrate-Mediated Cellular Communication,ai,ai,0.16898796013876458,0.4842090492739876,5,0.14285714285714285,0.031933887424380275
ai_generate_ideas_no_role_gpt_09,ai_generate_ideas_no_role_llama_10,Data Synthesis for Understanding Protein Folding,Community-Scale Identification of Non-Coding RNAs in Human Diseases,ai,ai,0.21007327935360012,0.7328679133013065,5,0.14285714285714285,0.022583084862368076
ai_generate_ideas_no_role_gpt_09,ai_generate_ideas_no_role_gpt_02,Data Synthesis for Understanding Protein Folding,Cross-Disciplinary Analysis of Neurodegenerative Diseases,ai,ai,0.31761207366599126,0.7856482072035429,5,0.14285714285714285,0.02494672883049086
ai_generate_ideas_no_role_gpt_09,ai_generate_ideas_no_role_gpt_03,Data Synthesis for Understanding Protein Folding,Data-Driven Approach to Understanding Antibiotic Resistance,ai,ai,0.22265796683774677,0.7475747723567054,7,0.21212121212121213,0.02584891544831582
ai_generate_ideas_no_role_gpt_09,ai_generate_ideas_no_role_gpt_04,Data Synthesis for Understanding Protein Folding,Synthetic Biology: Data Synthesis for Biofuel Production,ai,ai,0.2393336125375842,0.7301396730815063,6,0.17647058823529413,0.024260927371710567
ai_generate_ideas_no_role_gpt_09,ai_generate_ideas_no_role_gpt_07,Data Synthesis for Understanding Protein Folding,Data-Driven Approach to Understanding Stem Cell Differentiation,ai,ai,0.2106551704721057,0.7269152656248403,6,0.17647058823529413,0.026865814999620912
ai_generate_ideas_no_role_gpt_09,ai_generate_ideas_no_role_gpt_08,Data Synthesis for Understanding Protein Folding,Synthetic Biology: Data Synthesis for Gene Therapy,ai,ai,0.21898541311471478,0.7085276652136024,4,0.1111111111111111,0.9999958059564681
ai_generate_ideas_no_role_gpt_09,ai_generate_ideas_no_role_qwen_04,Data Synthesis for Understanding Protein Folding,Cross-Disciplinary Analysis of Host-Microbiome Interactions in Chronic Inflammatory Diseases,ai,ai,0.19820343874057447,0.6906286394270871,3,0.08108108108108109,0.023644193599069586
ai_generate_ideas_no_role_gpt_09,ai_generate_ideas_no_role_qwen_06,Data Synthesis for Understanding Protein Folding,Synthesizing Single-Cell Data to Explore Immune Cell Dynamics in Tumor Microenvironments,ai,ai,0.1372217243216527,0.6911053150973456,3,0.08108108108108109,0.022782677568061942
ai_generate_ideas_no_role_gpt_09,ai_generate_ideas_no_role_qwen_09,Data Synthesis for Understanding Protein Folding,Synthesizing Plant Omics Data to Elucidate Stress Response Mechanisms,ai,ai,0.20786967901068537,0.7296260808300532,2,0.05263157894736842,0.022409645314520464
ai_generate_ideas_no_role_gpt_09,ai_generate_diverse_ideas_gpt_04,Data Synthesis for Understanding Protein Folding,Synthesis of Proteomic Data for Drug Discovery,ai,ai,0.253061681138453,0.7898683539220479,3,0.08108108108108109,0.026934838083133173
ai_generate_ideas_no_role_gpt_09,ai_generate_diverse_ideas_gpt_05,Data Synthesis for Understanding Protein Folding,Integration of Epigenetic Data for Understanding Aging,ai,ai,0.2133741149908478,0.7059909787492238,4,0.1111111111111111,0.025450996940633006
ai_generate_ideas_no_role_gpt_09,ai_generate_diverse_ideas_gpt_06,Data Synthesis for Understanding Protein Folding,Cross-Disciplinary Analysis of Metagenomic Data for Environmental Health,ai,ai,0.23657423044352127,0.7056145036674046,6,0.17647058823529413,0.028080669394055277
ai_generate_ideas_no_role_gpt_09,ai_generate_diverse_ideas_gpt_06_2,Data Synthesis for Understanding Protein Folding,Cross-Disciplinary Approach to Unraveling the Mysteries of Genetic Disorders,ai,ai,0.3215748975435649,0.7669190094799412,5,0.14285714285714285,0.022934851419667904
ai_generate_ideas_no_role_gpt_09,ai_generate_diverse_ideas_gpt_07_2,Data Synthesis for Understanding Protein Folding,Data Synthesis for Understanding the Molecular Mechanisms of Immune Response,ai,ai,0.31986109626824616,0.7589174156176379,7,0.21212121212121213,0.023877426838839998
ai_generate_ideas_no_role_gpt_09,ai_generate_diverse_ideas_gpt_08_2,Data Synthesis for Understanding Protein Folding,Synthesis of Molecular Data for Understanding the Impact of Lifestyle Factors on Human Health,ai,ai,0.28455803993982864,0.7585796360097083,6,0.17647058823529413,0.025401037035475055
ai_generate_ideas_no_role_gpt_09,ai_generate_diverse_ideas_llama_01,Data Synthesis for Understanding Protein Folding,Multimodal Data Integration for Predicting Cellular States,ai,ai,0.23663969795157389,0.7255882941688567,3,0.08108108108108109,0.9999999939293669
ai_generate_ideas_no_role_gpt_09,ai_generate_diverse_ideas_llama_08,Data Synthesis for Understanding Protein Folding,Integrative Analysis of Metabolic and Regulatory Networks,ai,ai,0.19307619346276908,0.7337484987530775,4,0.1111111111111111,0.023418460977673385
ai_generate_ideas_no_role_gpt_09,ai_generate_diverse_ideas_llama_09,Data Synthesis for Understanding Protein Folding,Data-Driven Insights into the Biology of Rare Diseases,ai,ai,0.24832235577298367,0.7438783902876698,6,0.17647058823529413,0.02371081777083301
ai_generate_ideas_no_role_gpt_09,ai_generate_diverse_ideas_llama_04_2,Data Synthesis for Understanding Protein Folding,Synthetic Biology for Biological Timekeeping: Design and Construction of Novel Biological Clocks,ai,ai,0.11668212012496604,0.7091406916029802,2,0.05263157894736842,0.025899656256499683
ai_generate_ideas_no_role_gpt_09,ai_generate_diverse_ideas_llama_08_2,Data Synthesis for Understanding Protein Folding,Computational Analysis of Topological Features in Biological Networks,ai,ai,0.17168632560772423,0.7019395918857667,3,0.08108108108108109,0.027333043256948353
ai_generate_ideas_no_role_gpt_09,ai_generate_diverse_ideas_claude_03,Data Synthesis for Understanding Protein Folding,Deciphering the Glycan Code: Integrating Glycomics Data to Understand Carbohydrate-Mediated Cellular Communication,ai,ai,0.23577814432333002,0.555494043925044,4,0.1111111111111111,0.03193326540424313
ai_generate_ideas_no_role_qwen_04,ai_generate_ideas_no_role_llama_10,Cross-Disciplinary Analysis of Host-Microbiome Interactions in Chronic Inflammatory Diseases,Community-Scale Identification of Non-Coding RNAs in Human Diseases,ai,ai,0.2425999499855924,0.6984152823734,5,0.14285714285714285,0.023379017882601147
ai_generate_ideas_no_role_qwen_04,ai_generate_ideas_no_role_gpt_02,Cross-Disciplinary Analysis of Host-Microbiome Interactions in Chronic Inflammatory Diseases,Cross-Disciplinary Analysis of Neurodegenerative Diseases,ai,ai,0.2719118337771316,0.7126756718070955,4,0.1111111111111111,0.023902294305095256
ai_generate_ideas_no_role_qwen_04,ai_generate_ideas_no_role_gpt_03,Cross-Disciplinary Analysis of Host-Microbiome Interactions in Chronic Inflammatory Diseases,Data-Driven Approach to Understanding Antibiotic Resistance,ai,ai,0.14831961362801804,0.7688475818238083,2,0.05263157894736842,0.025432989818288065
ai_generate_ideas_no_role_qwen_04,ai_generate_ideas_no_role_gpt_04,Cross-Disciplinary Analysis of Host-Microbiome Interactions in Chronic Inflammatory Diseases,Synthetic Biology: Data Synthesis for Biofuel Production,ai,ai,0.15834273168070334,0.6752419293333978,2,0.05263157894736842,0.02479402475496393
ai_generate_ideas_no_role_qwen_04,ai_generate_ideas_no_role_gpt_07,Cross-Disciplinary Analysis of Host-Microbiome Interactions in Chronic Inflammatory Diseases,Data-Driven Approach to Understanding Stem Cell Differentiation,ai,ai,0.15057716346733716,0.6775011931495434,2,0.05263157894736842,0.02616668046209867
ai_generate_ideas_no_role_qwen_04,ai_generate_ideas_no_role_gpt_08,Cross-Disciplinary Analysis of Host-Microbiome Interactions in Chronic Inflammatory Diseases,Synthetic Biology: Data Synthesis for Gene Therapy,ai,ai,0.14687965388858373,0.6535702062802592,2,0.05263157894736842,0.024957134784420548
ai_generate_ideas_no_role_qwen_04,ai_generate_ideas_no_role_gpt_09,Cross-Disciplinary Analysis of Host-Microbiome Interactions in Chronic Inflammatory Diseases,Data Synthesis for Understanding Protein Folding,ai,ai,0.19820343874057428,0.6906286394270871,3,0.08108108108108109,0.023644193599069586
ai_generate_ideas_no_role_qwen_04,ai_generate_ideas_no_role_qwen_06,Cross-Disciplinary Analysis of Host-Microbiome Interactions in Chronic Inflammatory Diseases,Synthesizing Single-Cell Data to Explore Immune Cell Dynamics in Tumor Microenvironments,ai,ai,0.17797765925689668,0.7382671544518341,4,0.1111111111111111,0.023562415917976094
ai_generate_ideas_no_role_qwen_04,ai_generate_ideas_no_role_qwen_09,Cross-Disciplinary Analysis of Host-Microbiome Interactions in Chronic Inflammatory Diseases,Synthesizing Plant Omics Data to Elucidate Stress Response Mechanisms,ai,ai,0.20449613877927544,0.6865448997585503,4,0.1111111111111111,0.023594545036625485
ai_generate_ideas_no_role_qwen_04,ai_generate_diverse_ideas_gpt_04,Cross-Disciplinary Analysis of Host-Microbiome Interactions in Chronic Inflammatory Diseases,Synthesis of Proteomic Data for Drug Discovery,ai,ai,0.20587347162562655,0.695199422482406,5,0.14285714285714285,0.026875007132747118
ai_generate_ideas_no_role_qwen_04,ai_generate_diverse_ideas_gpt_05,Cross-Disciplinary Analysis of Host-Microbiome Interactions in Chronic Inflammatory Diseases,Integration of Epigenetic Data for Understanding Aging,ai,ai,0.1835771319210691,0.6395692091617745,4,0.1111111111111111,0.999971078628051
ai_generate_ideas_no_role_qwen_04,ai_generate_diverse_ideas_gpt_06,Cross-Disciplinary Analysis of Host-Microbiome Interactions in Chronic Inflammatory Diseases,Cross-Disciplinary Analysis of Metagenomic Data for Environmental Health,ai,ai,0.18029059149735252,0.7390924433905094,3,0.08108108108108109,0.026833587614030992
ai_generate_ideas_no_role_qwen_04,ai_generate_diverse_ideas_gpt_06_2,Cross-Disciplinary Analysis of Host-Microbiome Interactions in Chronic Inflammatory Diseases,Cross-Disciplinary Approach to Unraveling the Mysteries of Genetic Disorders,ai,ai,0.2217861421061457,0.7121005703102932,3,0.08108108108108109,0.023437966397086007
ai_generate_ideas_no_role_qwen_04,ai_generate_diverse_ideas_gpt_07_2,Cross-Disciplinary Analysis of Host-Microbiome Interactions in Chronic Inflammatory Diseases,Data Synthesis for Understanding the Molecular Mechanisms of Immune Response,ai,ai,0.21674001233426807,0.757602693934632,3,0.08108108108108109,0.024977317528036815
ai_generate_ideas_no_role_qwen_04,ai_generate_diverse_ideas_gpt_08_2,Cross-Disciplinary Analysis of Host-Microbiome Interactions in Chronic Inflammatory Diseases,Synthesis of Molecular Data for Understanding the Impact of Lifestyle Factors on Human Health,ai,ai,0.1756656920147435,0.7412922600016326,3,0.08108108108108109,0.025138961343077245
ai_generate_ideas_no_role_qwen_04,ai_generate_diverse_ideas_llama_01,Cross-Disciplinary Analysis of Host-Microbiome Interactions in Chronic Inflammatory Diseases,Multimodal Data Integration for Predicting Cellular States,ai,ai,0.2086135942184478,0.6706676944084531,1,0.02564102564102564,0.02533190578288965
ai_generate_ideas_no_role_qwen_04,ai_generate_diverse_ideas_llama_08,Cross-Disciplinary Analysis of Host-Microbiome Interactions in Chronic Inflammatory Diseases,Integrative Analysis of Metabolic and Regulatory Networks,ai,ai,0.17432965215932594,0.7007780115030667,3,0.08108108108108109,0.02485529428225519
ai_generate_ideas_no_role_qwen_04,ai_generate_diverse_ideas_llama_09,Cross-Disciplinary Analysis of Host-Microbiome Interactions in Chronic Inflammatory Diseases,Data-Driven Insights into the Biology of Rare Diseases,ai,ai,0.2792495217477966,0.7156935173279958,8,0.25,0.024630902779177608
ai_generate_ideas_no_role_qwen_04,ai_generate_diverse_ideas_llama_04_2,Cross-Disciplinary Analysis of Host-Microbiome Interactions in Chronic Inflammatory Diseases,Synthetic Biology for Biological Timekeeping: Design and Construction of Novel Biological Clocks,ai,ai,0.11388124383671105,0.623236873007655,1,0.02564102564102564,0.02625171379198887
ai_generate_ideas_no_role_qwen_04,ai_generate_diverse_ideas_llama_08_2,Cross-Disciplinary Analysis of Host-Microbiome Interactions in Chronic Inflammatory Diseases,Computational Analysis of Topological Features in Biological Networks,ai,ai,0.12441998762001519,0.6850744922669769,1,0.02564102564102564,0.027585541744553937
ai_generate_ideas_no_role_qwen_04,ai_generate_diverse_ideas_claude_03,Cross-Disciplinary Analysis of Host-Microbiome Interactions in Chronic Inflammatory Diseases,Deciphering the Glycan Code: Integrating Glycomics Data to Understand Carbohydrate-Mediated Cellular Communication,ai,ai,0.19348910709815922,0.5447238979964439,3,0.08108108108108109,0.029920097748501694
ai_generate_ideas_no_role_qwen_06,ai_generate_ideas_no_role_llama_10,Synthesizing Single-Cell Data to Explore Immune Cell Dynamics in Tumor Microenvironments,Community-Scale Identification of Non-Coding RNAs in Human Diseases,ai,ai,0.19214665012408125,0.7867335285180692,6,0.17647058823529413,0.023081685065915722
ai_generate_ideas_no_role_qwen_06,ai_generate_ideas_no_role_gpt_02,Synthesizing Single-Cell Data to Explore Immune Cell Dynamics in Tumor Microenvironments,Cross-Disciplinary Analysis of Neurodegenerative Diseases,ai,ai,0.11984820104246016,0.6943036187684604,4,0.1111111111111111,0.023946096994580966
ai_generate_ideas_no_role_qwen_06,ai_generate_ideas_no_role_gpt_03,Synthesizing Single-Cell Data to Explore Immune Cell Dynamics in Tumor Microenvironments,Data-Driven Approach to Understanding Antibiotic Resistance,ai,ai,0.10310287779709026,0.6979892717713579,3,0.08108108108108109,0.024423899606763604
ai_generate_ideas_no_role_qwen_06,ai_generate_ideas_no_role_gpt_04,Synthesizing Single-Cell Data to Explore Immune Cell Dynamics in Tumor Microenvironments,Synthetic Biology: Data Synthesis for Biofuel Production,ai,ai,0.11890683514324717,0.6409576222074732,3,0.08108108108108109,0.023695083066583834
ai_generate_ideas_no_role_qwen_06,ai_generate_ideas_no_role_gpt_07,Synthesizing Single-Cell Data to Explore Immune Cell Dynamics in Tumor Microenvironments,Data-Driven Approach to Understanding Stem Cell Differentiation,ai,ai,0.17528343184122153,0.7685889439687625,3,0.08108108108108109,0.024576302480887727
ai_generate_ideas_no_role_qwen_06,ai_generate_ideas_no_role_gpt_08,Synthesizing Single-Cell Data to Explore Immune Cell Dynamics in Tumor Microenvironments,Synthetic Biology: Data Synthesis for Gene Therapy,ai,ai,0.1325753239216663,0.7064420060918759,3,0.08108108108108109,0.023974432612112646
ai_generate_ideas_no_role_qwen_06,ai_generate_ideas_no_role_gpt_09,Synthesizing Single-Cell Data to Explore Immune Cell Dynamics in Tumor Microenvironments,Data Synthesis for Understanding Protein Folding,ai,ai,0.1372217243216524,0.6911053150973456,3,0.08108108108108109,0.022782677568061942
ai_generate_ideas_no_role_qwen_06,ai_generate_ideas_no_role_qwen_04,Synthesizing Single-Cell Data to Explore Immune Cell Dynamics in Tumor Microenvironments,Cross-Disciplinary Analysis of Host-Microbiome Interactions in Chronic Inflammatory Diseases,ai,ai,0.1779776592568966,0.7382671544518341,4,0.1111111111111111,0.023562415917976094
ai_generate_ideas_no_role_qwen_06,ai_generate_ideas_no_role_qwen_09,Synthesizing Single-Cell Data to Explore Immune Cell Dynamics in Tumor Microenvironments,Synthesizing Plant Omics Data to Elucidate Stress Response Mechanisms,ai,ai,0.20016410431138004,0.6952180753514219,5,0.14285714285714285,0.022634079601319832
ai_generate_ideas_no_role_qwen_06,ai_generate_diverse_ideas_gpt_04,Synthesizing Single-Cell Data to Explore Immune Cell Dynamics in Tumor Microenvironments,Synthesis of Proteomic Data for Drug Discovery,ai,ai,0.1232616027744856,0.6809661466855611,3,0.08108108108108109,0.026041228590761925
ai_generate_ideas_no_role_qwen_06,ai_generate_diverse_ideas_gpt_05,Synthesizing Single-Cell Data to Explore Immune Cell Dynamics in Tumor Microenvironments,Integration of Epigenetic Data for Understanding Aging,ai,ai,0.12055222474681748,0.6607535624377489,4,0.1111111111111111,0.02442182162429814
ai_generate_ideas_no_role_qwen_06,ai_generate_diverse_ideas_gpt_06,Synthesizing Single-Cell Data to Explore Immune Cell Dynamics in Tumor Microenvironments,Cross-Disciplinary Analysis of Metagenomic Data for Environmental Health,ai,ai,0.11511083233288537,0.718150924909883,4,0.1111111111111111,0.02592169008249435
ai_generate_ideas_no_role_qwen_06,ai_generate_diverse_ideas_gpt_06_2,Synthesizing Single-Cell Data to Explore Immune Cell Dynamics in Tumor Microenvironments,Cross-Disciplinary Approach to Unraveling the Mysteries of Genetic Disorders,ai,ai,0.17493066695030743,0.7243366544468275,4,0.1111111111111111,0.022709631799465498
ai_generate_ideas_no_role_qwen_06,ai_generate_diverse_ideas_gpt_07_2,Synthesizing Single-Cell Data to Explore Immune Cell Dynamics in Tumor Microenvironments,Data Synthesis for Understanding the Molecular Mechanisms of Immune Response,ai,ai,0.20503056063823755,0.7938401686277544,4,0.1111111111111111,0.02382749043012454
ai_generate_ideas_no_role_qwen_06,ai_generate_diverse_ideas_gpt_08_2,Synthesizing Single-Cell Data to Explore Immune Cell Dynamics in Tumor Microenvironments,Synthesis of Molecular Data for Understanding the Impact of Lifestyle Factors on Human Health,ai,ai,0.12718059497224626,0.7164368066329936,4,0.1111111111111111,0.024519722329869917
ai_generate_ideas_no_role_qwen_06,ai_generate_diverse_ideas_llama_01,Synthesizing Single-Cell Data to Explore Immune Cell Dynamics in Tumor Microenvironments,Multimodal Data Integration for Predicting Cellular States,ai,ai,0.1990495997486709,0.7405305574170464,2,0.05263157894736842,0.024660112319494783
ai_generate_ideas_no_role_qwen_06,ai_generate_diverse_ideas_llama_08,Synthesizing Single-Cell Data to Explore Immune Cell Dynamics in Tumor Microenvironments,Integrative Analysis of Metabolic and Regulatory Networks,ai,ai,0.13663569410367613,0.7180122979603122,4,0.1111111111111111,0.9999892442693248
ai_generate_ideas_no_role_qwen_06,ai_generate_diverse_ideas_llama_09,Synthesizing Single-Cell Data to Explore Immune Cell Dynamics in Tumor Microenvironments,Data-Driven Insights into the Biology of Rare Diseases,ai,ai,0.175082730003226,0.7505427018914632,4,0.1111111111111111,0.024345672916196662
ai_generate_ideas_no_role_qwen_06,ai_generate_diverse_ideas_llama_04_2,Synthesizing Single-Cell Data to Explore Immune Cell Dynamics in Tumor Microenvironments,Synthetic Biology for Biological Timekeeping: Design and Construction of Novel Biological Clocks,ai,ai,0.08357608149172582,0.633068800253366,1,0.02564102564102564,0.026281929057495847
ai_generate_ideas_no_role_qwen_06,ai_generate_diverse_ideas_llama_08_2,Synthesizing Single-Cell Data to Explore Immune Cell Dynamics in Tumor Microenvironments,Computational Analysis of Topological Features in Biological Networks,ai,ai,0.10226412220659417,0.6695910101199818,2,0.05263157894736842,0.027330308793932757
ai_generate_ideas_no_role_qwen_06,ai_generate_diverse_ideas_claude_03,Synthesizing Single-Cell Data to Explore Immune Cell Dynamics in Tumor Microenvironments,Deciphering the Glycan Code: Integrating Glycomics Data to Understand Carbohydrate-Mediated Cellular Communication,ai,ai,0.24477500360054819,0.5216257950109401,5,0.14285714285714285,0.029550909491899393
ai_generate_ideas_no_role_qwen_09,ai_generate_ideas_no_role_llama_10,Synthesizing Plant Omics Data to Elucidate Stress Response Mechanisms,Community-Scale Identification of Non-Coding RNAs in Human Diseases,ai,ai,0.2156613669303361,0.7019654977078869,3,0.08108108108108109,0.022982385420534244
ai_generate_ideas_no_role_qwen_09,ai_generate_ideas_no_role_gpt_02,Synthesizing Plant Omics Data to Elucidate Stress Response Mechanisms,Cross-Disciplinary Analysis of Neurodegenerative Diseases,ai,ai,0.1649429278076731,0.6823081629049004,3,0.08108108108108109,0.023963184502132764
ai_generate_ideas_no_role_qwen_09,ai_generate_ideas_no_role_gpt_03,Synthesizing Plant Omics Data to Elucidate Stress Response Mechanisms,Data-Driven Approach to Understanding Antibiotic Resistance,ai,ai,0.14693873567842364,0.6907269089032634,3,0.08108108108108109,0.0243573250550145
ai_generate_ideas_no_role_qwen_09,ai_generate_ideas_no_role_gpt_04,Synthesizing Plant Omics Data to Elucidate Stress Response Mechanisms,Synthetic Biology: Data Synthesis for Biofuel Production,ai,ai,0.171280741144486,0.7540562955096698,2,0.05263157894736842,0.02357678354105672
ai_generate_ideas_no_role_qwen_09,ai_generate_ideas_no_role_gpt_07,Synthesizing Plant Omics Data to Elucidate Stress Response Mechanisms,Data-Driven Approach to Understanding Stem Cell Differentiation,ai,ai,0.14835333798694875,0.7153317533441503,2,0.05263157894736842,0.025168235992243913
ai_generate_ideas_no_role_qwen_09,ai_generate_ideas_no_role_gpt_08,Synthesizing Plant Omics Data to Elucidate Stress Response Mechanisms,Synthetic Biology: Data Synthesis for Gene Therapy,ai,ai,0.16853606228500853,0.684259699221889,3,0.08108108108108109,0.9999695745265622
ai_generate_ideas_no_role_qwen_09,ai_generate_ideas_no_role_gpt_09,Synthesizing Plant Omics Data to Elucidate Stress Response Mechanisms,Data Synthesis for Understanding Protein Folding,ai,ai,0.20786967901068512,0.7296260808300532,2,0.05263157894736842,0.022409645314520464
ai_generate_ideas_no_role_qwen_09,ai_generate_ideas_no_role_qwen_04,Synthesizing Plant Omics Data to Elucidate Stress Response Mechanisms,Cross-Disciplinary Analysis of Host-Microbiome Interactions in Chronic Inflammatory Diseases,ai,ai,0.2044961387792753,0.6865448997585503,4,0.1111111111111111,0.023594545036625485
ai_generate_ideas_no_role_qwen_09,ai_generate_ideas_no_role_qwen_06,Synthesizing Plant Omics Data to Elucidate Stress Response Mechanisms,Synthesizing Single-Cell Data to Explore Immune Cell Dynamics in Tumor Microenvironments,ai,ai,0.20016410431137696,0.6952180753514219,5,0.14285714285714285,0.022634079601319832
ai_generate_ideas_no_role_qwen_09,ai_generate_diverse_ideas_gpt_04,Synthesizing Plant Omics Data to Elucidate Stress Response Mechanisms,Synthesis of Proteomic Data for Drug Discovery,ai,ai,0.20234694799382733,0.7156427134680812,3,0.08108108108108109,0.025732050244310852
ai_generate_ideas_no_role_qwen_09,ai_generate_diverse_ideas_gpt_05,Synthesizing Plant Omics Data to Elucidate Stress Response Mechanisms,Integration of Epigenetic Data for Understanding Aging,ai,ai,0.1835921323974588,0.673430039737822,5,0.14285714285714285,0.023897112107557763
ai_generate_ideas_no_role_qwen_09,ai_generate_diverse_ideas_gpt_06,Synthesizing Plant Omics Data to Elucidate Stress Response Mechanisms,Cross-Disciplinary Analysis of Metagenomic Data for Environmental Health,ai,ai,0.1749938061354965,0.7301850372200962,3,0.08108108108108109,0.02566863024929042
ai_generate_ideas_no_role_qwen_09,ai_generate_diverse_ideas_gpt_06_2,Synthesizing Plant Omics Data to Elucidate Stress Response Mechanisms,Cross-Disciplinary Approach to Unraveling the Mysteries of Genetic Disorders,ai,ai,0.2352554455404425,0.7393426317413012,4,0.1111111111111111,0.022639264450352733
ai_generate_ideas_no_role_qwen_09,ai_generate_diverse_ideas_gpt_07_2,Synthesizing Plant Omics Data to Elucidate Stress Response Mechanisms,Data Synthesis for Understanding the Molecular Mechanisms of Immune Response,ai,ai,0.22433942950743807,0.7294931123148598,3,0.08108108108108109,0.02408078356642264
ai_generate_ideas_no_role_qwen_09,ai_generate_diverse_ideas_gpt_08_2,Synthesizing Plant Omics Data to Elucidate Stress Response Mechanisms,Synthesis of Molecular Data for Understanding the Impact of Lifestyle Factors on Human Health,ai,ai,0.1941804995204318,0.7585751344020293,4,0.1111111111111111,0.9999609167005845
ai_generate_ideas_no_role_qwen_09,ai_generate_diverse_ideas_llama_01,Synthesizing Plant Omics Data to Elucidate Stress Response Mechanisms,Multimodal Data Integration for Predicting Cellular States,ai,ai,0.23914421817044573,0.6849714601264987,3,0.08108108108108109,0.024777518106865258
ai_generate_ideas_no_role_qwen_09,ai_generate_diverse_ideas_llama_08,Synthesizing Plant Omics Data to Elucidate Stress Response Mechanisms,Integrative Analysis of Metabolic and Regulatory Networks,ai,ai,0.19918319491009556,0.7485075242735564,5,0.14285714285714285,0.023619397008609006
ai_generate_ideas_no_role_qwen_09,ai_generate_diverse_ideas_llama_09,Synthesizing Plant Omics Data to Elucidate Stress Response Mechanisms,Data-Driven Insights into the Biology of Rare Diseases,ai,ai,0.2150608422637441,0.6793570418028366,4,0.1111111111111111,0.024145392985286892
ai_generate_ideas_no_role_qwen_09,ai_generate_diverse_ideas_llama_04_2,Synthesizing Plant Omics Data to Elucidate Stress Response Mechanisms,Synthetic Biology for Biological Timekeeping: Design and Construction of Novel Biological Clocks,ai,ai,0.11920583849602816,0.6896832872457301,1,0.02564102564102564,0.025278773549247284
ai_generate_ideas_no_role_qwen_09,ai_generate_diverse_ideas_llama_08_2,Synthesizing Plant Omics Data to Elucidate Stress Response Mechanisms,Computational Analysis of Topological Features in Biological Networks,ai,ai,0.16635744073871875,0.6733111523386648,2,0.05263157894736842,0.026013819946105486
ai_generate_ideas_no_role_qwen_09,ai_generate_diverse_ideas_claude_03,Synthesizing Plant Omics Data to Elucidate Stress Response Mechanisms,Deciphering the Glycan Code: Integrating Glycomics Data to Understand Carbohydrate-Mediated Cellular Communication,ai,ai,0.22034651030593766,0.5156668464161163,5,0.14285714285714285,0.03004383851295788
ai_generate_diverse_ideas_gpt_04,ai_generate_ideas_no_role_llama_10,Synthesis of Proteomic Data for Drug Discovery,Community-Scale Identification of Non-Coding RNAs in Human Diseases,ai,ai,0.20088906061368547,0.7083089309644011,3,0.08108108108108109,0.026360118034990294
ai_generate_diverse_ideas_gpt_04,ai_generate_ideas_no_role_gpt_02,Synthesis of Proteomic Data for Drug Discovery,Cross-Disciplinary Analysis of Neurodegenerative Diseases,ai,ai,0.21796611548042602,0.7507943724731923,4,0.1111111111111111,0.02919458020793004
ai_generate_diverse_ideas_gpt_04,ai_generate_ideas_no_role_gpt_03,Synthesis of Proteomic Data for Drug Discovery,Data-Driven Approach to Understanding Antibiotic Resistance,ai,ai,0.19519399729203393,0.7320469591946002,3,0.08108108108108109,0.02966559382308537
ai_generate_diverse_ideas_gpt_04,ai_generate_ideas_no_role_gpt_04,Synthesis of Proteomic Data for Drug Discovery,Synthetic Biology: Data Synthesis for Biofuel Production,ai,ai,0.19662114559329918,0.7049959486775268,2,0.05263157894736842,0.02812244588248177
ai_generate_diverse_ideas_gpt_04,ai_generate_ideas_no_role_gpt_07,Synthesis of Proteomic Data for Drug Discovery,Data-Driven Approach to Understanding Stem Cell Differentiation,ai,ai,0.17313908774772782,0.7126802243591723,2,0.05263157894736842,0.030585330394243482
ai_generate_diverse_ideas_gpt_04,ai_generate_ideas_no_role_gpt_08,Synthesis of Proteomic Data for Drug Discovery,Synthetic Biology: Data Synthesis for Gene Therapy,ai,ai,0.15148666054921167,0.6756783225830767,2,0.05263157894736842,0.999994258022869
ai_generate_diverse_ideas_gpt_04,ai_generate_ideas_no_role_gpt_09,Synthesis of Proteomic Data for Drug Discovery,Data Synthesis for Understanding Protein Folding,ai,ai,0.2530616811384511,0.7898683539220479,3,0.08108108108108109,0.026934838083133173
ai_generate_diverse_ideas_gpt_04,ai_generate_ideas_no_role_qwen_04,Synthesis of Proteomic Data for Drug Discovery,Cross-Disciplinary Analysis of Host-Microbiome Interactions in Chronic Inflammatory Diseases,ai,ai,0.20587347162562633,0.695199422482406,5,0.14285714285714285,0.026875007132747118
ai_generate_diverse_ideas_gpt_04,ai_generate_ideas_no_role_qwen_06,Synthesis of Proteomic Data for Drug Discovery,Synthesizing Single-Cell Data to Explore Immune Cell Dynamics in Tumor Microenvironments,ai,ai,0.12326160277448575,0.6809661466855611,3,0.08108108108108109,0.026041228590761925
ai_generate_diverse_ideas_gpt_04,ai_generate_ideas_no_role_qwen_09,Synthesis of Proteomic Data for Drug Discovery,Synthesizing Plant Omics Data to Elucidate Stress Response Mechanisms,ai,ai,0.20234694799382733,0.7156427134680812,3,0.08108108108108109,0.025732050244310852
ai_generate_diverse_ideas_gpt_04,ai_generate_diverse_ideas_gpt_05,Synthesis of Proteomic Data for Drug Discovery,Integration of Epigenetic Data for Understanding Aging,ai,ai,0.19507796430865168,0.6618189772765888,4,0.1111111111111111,0.029362373761810542
ai_generate_diverse_ideas_gpt_04,ai_generate_diverse_ideas_gpt_06,Synthesis of Proteomic Data for Drug Discovery,Cross-Disciplinary Analysis of Metagenomic Data for Environmental Health,ai,ai,0.2071570410781931,0.6941557183344438,4,0.1111111111111111,0.031775581398622285
ai_generate_diverse_ideas_gpt_04,ai_generate_diverse_ideas_gpt_06_2,Synthesis of Proteomic Data for Drug Discovery,Cross-Disciplinary Approach to Unraveling the Mysteries of Genetic Disorders,ai,ai,0.228724705194502,0.6990609146131805,2,0.05263157894736842,0.026823088235687763
ai_generate_diverse_ideas_gpt_04,ai_generate_diverse_ideas_gpt_07_2,Synthesis of Proteomic Data for Drug Discovery,Data Synthesis for Understanding the Molecular Mechanisms of Immune Response,ai,ai,0.23082067320062644,0.7554612162478493,3,0.08108108108108109,0.028377645095160248
ai_generate_diverse_ideas_gpt_04,ai_generate_diverse_ideas_gpt_08_2,Synthesis of Proteomic Data for Drug Discovery,Synthesis of Molecular Data for Understanding the Impact of Lifestyle Factors on Human Health,ai,ai,0.2033065021854338,0.7557137963408685,4,0.1111111111111111,0.029347066536502944
ai_generate_diverse_ideas_gpt_04,ai_generate_diverse_ideas_llama_01,Synthesis of Proteomic Data for Drug Discovery,Multimodal Data Integration for Predicting Cellular States,ai,ai,0.18640269531290402,0.7262881516718036,1,0.02564102564102564,0.028022795099994183
ai_generate_diverse_ideas_gpt_04,ai_generate_diverse_ideas_llama_08,Synthesis of Proteomic Data for Drug Discovery,Integrative Analysis of Metabolic and Regulatory Networks,ai,ai,0.17739522848783218,0.7487748200030564,4,0.1111111111111111,0.027514056842235905
ai_generate_diverse_ideas_gpt_04,ai_generate_diverse_ideas_llama_09,Synthesis of Proteomic Data for Drug Discovery,Data-Driven Insights into the Biology of Rare Diseases,ai,ai,0.21268050042997405,0.7404633441821643,4,0.1111111111111111,0.026819133363993358
ai_generate_diverse_ideas_gpt_04,ai_generate_diverse_ideas_llama_04_2,Synthesis of Proteomic Data for Drug Discovery,Synthetic Biology for Biological Timekeeping: Design and Construction of Novel Biological Clocks,ai,ai,0.11376821917644435,0.6883310255651104,3,0.08108108108108109,0.029478595784771362
ai_generate_diverse_ideas_gpt_04,ai_generate_diverse_ideas_llama_08_2,Synthesis of Proteomic Data for Drug Discovery,Computational Analysis of Topological Features in Biological Networks,ai,ai,0.1298912749189504,0.6828273818250289,2,0.05263157894736842,0.9999990042923642
ai_generate_diverse_ideas_gpt_04,ai_generate_diverse_ideas_claude_03,Synthesis of Proteomic Data for Drug Discovery,Deciphering the Glycan Code: Integrating Glycomics Data to Understand Carbohydrate-Mediated Cellular Communication,ai,ai,0.18760786500530238,0.5751806366664785,4,0.1111111111111111,0.03566190155043734
ai_generate_diverse_ideas_gpt_05,ai_generate_ideas_no_role_llama_10,Integration of Epigenetic Data for Understanding Aging,Community-Scale Identification of Non-Coding RNAs in Human Diseases,ai,ai,0.1902037710523628,0.7115542424222878,5,0.14285714285714285,0.02449795313775827
ai_generate_diverse_ideas_gpt_05,ai_generate_ideas_no_role_gpt_02,Integration of Epigenetic Data for Understanding Aging,Cross-Disciplinary Analysis of Neurodegenerative Diseases,ai,ai,0.21007746624198095,0.7483815587216694,5,0.14285714285714285,0.9999998126396692
ai_generate_diverse_ideas_gpt_05,ai_generate_ideas_no_role_gpt_03,Integration of Epigenetic Data for Understanding Aging,Data-Driven Approach to Understanding Antibiotic Resistance,ai,ai,0.17973401532196723,0.6661933377934023,5,0.14285714285714285,0.0278949568784278
ai_generate_diverse_ideas_gpt_05,ai_generate_ideas_no_role_gpt_04,Integration of Epigenetic Data for Understanding Aging,Synthetic Biology: Data Synthesis for Biofuel Production,ai,ai,0.176755846312194,0.6511823601520896,3,0.08108108108108109,0.026221229780774298
ai_generate_diverse_ideas_gpt_05,ai_generate_ideas_no_role_gpt_07,Integration of Epigenetic Data for Understanding Aging,Data-Driven Approach to Understanding Stem Cell Differentiation,ai,ai,0.14197167948961606,0.7176499004778272,3,0.08108108108108109,0.02862771404275999
ai_generate_diverse_ideas_gpt_05,ai_generate_ideas_no_role_gpt_08,Integration of Epigenetic Data for Understanding Aging,Synthetic Biology: Data Synthesis for Gene Therapy,ai,ai,0.1798899923614329,0.6309164150138673,2,0.05263157894736842,0.02707678375161226
ai_generate_diverse_ideas_gpt_05,ai_generate_ideas_no_role_gpt_09,Integration of Epigenetic Data for Understanding Aging,Data Synthesis for Understanding Protein Folding,ai,ai,0.2133741149908479,0.7059909787492238,4,0.1111111111111111,0.025450996940633006
ai_generate_diverse_ideas_gpt_05,ai_generate_ideas_no_role_qwen_04,Integration of Epigenetic Data for Understanding Aging,Cross-Disciplinary Analysis of Host-Microbiome Interactions in Chronic Inflammatory Diseases,ai,ai,0.1835771319210691,0.6395692091617745,4,0.1111111111111111,0.999971078628051
ai_generate_diverse_ideas_gpt_05,ai_generate_ideas_no_role_qwen_06,Integration of Epigenetic Data for Understanding Aging,Synthesizing Single-Cell Data to Explore Immune Cell Dynamics in Tumor Microenvironments,ai,ai,0.12055222474681739,0.6607535624377489,4,0.1111111111111111,0.02442182162429814
ai_generate_diverse_ideas_gpt_05,ai_generate_ideas_no_role_qwen_09,Integration of Epigenetic Data for Understanding Aging,Synthesizing Plant Omics Data to Elucidate Stress Response Mechanisms,ai,ai,0.18359213239745847,0.673430039737822,5,0.14285714285714285,0.023897112107557763
ai_generate_diverse_ideas_gpt_05,ai_generate_diverse_ideas_gpt_04,Integration of Epigenetic Data for Understanding Aging,Synthesis of Proteomic Data for Drug Discovery,ai,ai,0.19507796430865157,0.6618189772765888,4,0.1111111111111111,0.029362373761810542
ai_generate_diverse_ideas_gpt_05,ai_generate_diverse_ideas_gpt_06,Integration of Epigenetic Data for Understanding Aging,Cross-Disciplinary Analysis of Metagenomic Data for Environmental Health,ai,ai,0.19134757283342677,0.7197486558752326,4,0.1111111111111111,0.029774601255249
ai_generate_diverse_ideas_gpt_05,ai_generate_diverse_ideas_gpt_06_2,Integration of Epigenetic Data for Understanding Aging,Cross-Disciplinary Approach to Unraveling the Mysteries of Genetic Disorders,ai,ai,0.24662885543128002,0.7819117653773968,3,0.08108108108108109,0.9999889993786979
ai_generate_diverse_ideas_gpt_05,ai_generate_diverse_ideas_gpt_07_2,Integration of Epigenetic Data for Understanding Aging,Data Synthesis for Understanding the Molecular Mechanisms of Immune Response,ai,ai,0.20066112478392745,0.6869680082575531,3,0.08108108108108109,0.9999978805885246
ai_generate_diverse_ideas_gpt_05,ai_generate_diverse_ideas_gpt_08_2,Integration of Epigenetic Data for Understanding Aging,Synthesis of Molecular Data for Understanding the Impact of Lifestyle Factors on Human Health,ai,ai,0.22411539125864244,0.780850653737796,5,0.14285714285714285,0.027482983005955176
ai_generate_diverse_ideas_gpt_05,ai_generate_diverse_ideas_llama_01,Integration of Epigenetic Data for Understanding Aging,Multimodal Data Integration for Predicting Cellular States,ai,ai,0.19429339769575682,0.6509700914198153,2,0.05263157894736842,0.026014904598374407
ai_generate_diverse_ideas_gpt_05,ai_generate_diverse_ideas_llama_08,Integration of Epigenetic Data for Understanding Aging,Integrative Analysis of Metabolic and Regulatory Networks,ai,ai,0.16316322314332354,0.7165875461928636,7,0.21212121212121213,0.02573574243442017
ai_generate_diverse_ideas_gpt_05,ai_generate_diverse_ideas_llama_09,Integration of Epigenetic Data for Understanding Aging,Data-Driven Insights into the Biology of Rare Diseases,ai,ai,0.19890661804242393,0.6832265097861866,5,0.14285714285714285,0.025129407637701072
ai_generate_diverse_ideas_gpt_05,ai_generate_diverse_ideas_llama_04_2,Integration of Epigenetic Data for Understanding Aging,Synthetic Biology for Biological Timekeeping: Design and Construction of Novel Biological Clocks,ai,ai,0.11959123411565913,0.6786515136789979,2,0.05263157894736842,0.026742262760439582
ai_generate_diverse_ideas_gpt_05,ai_generate_diverse_ideas_llama_08_2,Integration of Epigenetic Data for Understanding Aging,Computational Analysis of Topological Features in Biological Networks,ai,ai,0.1405081557311385,0.6241551409406629,2,0.05263157894736842,0.028759901764673003
ai_generate_diverse_ideas_gpt_05,ai_generate_diverse_ideas_claude_03,Integration of Epigenetic Data for Understanding Aging,Deciphering the Glycan Code: Integrating Glycomics Data to Understand Carbohydrate-Mediated Cellular Communication,ai,ai,0.15157950836405565,0.5176336103684219,3,0.08108108108108109,0.0325752897351153
ai_generate_diverse_ideas_gpt_06,ai_generate_ideas_no_role_llama_10,Cross-Disciplinary Analysis of Metagenomic Data for Environmental Health,Community-Scale Identification of Non-Coding RNAs in Human Diseases,ai,ai,0.18153523385507286,0.6932997404852275,6,0.17647058823529413,0.02670791808319193
ai_generate_diverse_ideas_gpt_06,ai_generate_ideas_no_role_gpt_02,Cross-Disciplinary Analysis of Metagenomic Data for Environmental Health,Cross-Disciplinary Analysis of Neurodegenerative Diseases,ai,ai,0.22027286598788104,0.7107552151474863,5,0.14285714285714285,0.02976349978613997
ai_generate_diverse_ideas_gpt_06,ai_generate_ideas_no_role_gpt_03,Cross-Disciplinary Analysis of Metagenomic Data for Environmental Health,Data-Driven Approach to Understanding Antibiotic Resistance,ai,ai,0.19643482295161052,0.7370941042143826,5,0.14285714285714285,0.029694232035477813
ai_generate_diverse_ideas_gpt_06,ai_generate_ideas_no_role_gpt_04,Cross-Disciplinary Analysis of Metagenomic Data for Environmental Health,Synthetic Biology: Data Synthesis for Biofuel Production,ai,ai,0.23069534211684525,0.7291197389506716,5,0.14285714285714285,0.028882027525612627
ai_generate_diverse_ideas_gpt_06,ai_generate_ideas_no_role_gpt_07,Cross-Disciplinary Analysis of Metagenomic Data for Environmental Health,Data-Driven Approach to Understanding Stem Cell Differentiation,ai,ai,0.1708616910362392,0.7013677179075886,3,0.08108108108108109,0.03145433011673554
ai_generate_diverse_ideas_gpt_06,ai_generate_ideas_no_role_gpt_08,Cross-Disciplinary Analysis of Metagenomic Data for Environmental Health,Synthetic Biology: Data Synthesis for Gene Therapy,ai,ai,0.20551253598638275,0.6670651910455431,3,0.08108108108108109,0.029699732915753025
ai_generate_diverse_ideas_gpt_06,ai_generate_ideas_no_role_gpt_09,Cross-Disciplinary Analysis of Metagenomic Data for Environmental Health,Data Synthesis for Understanding Protein Folding,ai,ai,0.2365742304435222,0.7056145036674046,6,0.17647058823529413,0.028080669394055277
ai_generate_diverse_ideas_gpt_06,ai_generate_ideas_no_role_qwen_04,Cross-Disciplinary Analysis of Metagenomic Data for Environmental Health,Cross-Disciplinary Analysis of Host-Microbiome Interactions in Chronic Inflammatory Diseases,ai,ai,0.18029059149735246,0.7390924433905094,3,0.08108108108108109,0.026833587614030992
ai_generate_diverse_ideas_gpt_06,ai_generate_ideas_no_role_qwen_06,Cross-Disciplinary Analysis of Metagenomic Data for Environmental Health,Synthesizing Single-Cell Data to Explore Immune Cell Dynamics in Tumor Microenvironments,ai,ai,0.11511083233288527,0.718150924909883,4,0.1111111111111111,0.02592169008249435
ai_generate_diverse_ideas_gpt_06,ai_generate_ideas_no_role_qwen_09,Cross-Disciplinary Analysis of Metagenomic Data for Environmental Health,Synthesizing Plant Omics Data to Elucidate Stress Response Mechanisms,ai,ai,0.17499380613549725,0.7301850372200962,3,0.08108108108108109,0.02566863024929042
ai_generate_diverse_ideas_gpt_06,ai_generate_diverse_ideas_gpt_04,Cross-Disciplinary Analysis of Metagenomic Data for Environmental Health,Synthesis of Proteomic Data for Drug Discovery,ai,ai,0.20715704107819352,0.6941557183344438,4,0.1111111111111111,0.031775581398622285
ai_generate_diverse_ideas_gpt_06,ai_generate_diverse_ideas_gpt_05,Cross-Disciplinary Analysis of Metagenomic Data for Environmental Health,Integration of Epigenetic Data for Understanding Aging,ai,ai,0.1913475728334268,0.7197486558752326,4,0.1111111111111111,0.029774601255249
ai_generate_diverse_ideas_gpt_06,ai_generate_diverse_ideas_gpt_06_2,Cross-Disciplinary Analysis of Metagenomic Data for Environmental Health,Cross-Disciplinary Approach to Unraveling the Mysteries of Genetic Disorders,ai,ai,0.3357700696407915,0.7508778424285507,4,0.1111111111111111,0.02727864765374087
ai_generate_diverse_ideas_gpt_06,ai_generate_diverse_ideas_gpt_07_2,Cross-Disciplinary Analysis of Metagenomic Data for Environmental Health,Data Synthesis for Understanding the Molecular Mechanisms of Immune Response,ai,ai,0.2189365038642729,0.6772209471358925,4,0.1111111111111111,0.029003183131733917
ai_generate_diverse_ideas_gpt_06,ai_generate_diverse_ideas_gpt_08_2,Cross-Disciplinary Analysis of Metagenomic Data for Environmental Health,Synthesis of Molecular Data for Understanding the Impact of Lifestyle Factors on Human Health,ai,ai,0.3158405254701796,0.7453136186118613,6,0.17647058823529413,0.029571871998519697
ai_generate_diverse_ideas_gpt_06,ai_generate_diverse_ideas_llama_01,Cross-Disciplinary Analysis of Metagenomic Data for Environmental Health,Multimodal Data Integration for Predicting Cellular States,ai,ai,0.21253519833651413,0.6607029312888698,2,0.05263157894736842,0.9999719177483598
ai_generate_diverse_ideas_gpt_06,ai_generate_diverse_ideas_llama_08,Cross-Disciplinary Analysis of Metagenomic Data for Environmental Health,Integrative Analysis of Metabolic and Regulatory Networks,ai,ai,0.13930096700565225,0.6887061474308338,4,0.1111111111111111,0.028009901719461272
ai_generate_diverse_ideas_gpt_06,ai_generate_diverse_ideas_llama_09,Cross-Disciplinary Analysis of Metagenomic Data for Environmental Health,Data-Driven Insights into the Biology of Rare Diseases,ai,ai,0.21625875794273963,0.7226881362450404,6,0.17647058823529413,0.9999658197717457
ai_generate_diverse_ideas_gpt_06,ai_generate_diverse_ideas_llama_04_2,Cross-Disciplinary Analysis of Metagenomic Data for Environmental Health,Synthetic Biology for Biological Timekeeping: Design and Construction of Novel Biological Clocks,ai,ai,0.09904248504871974,0.6492987885506472,2,0.05263157894736842,0.9999956066135429
ai_generate_diverse_ideas_gpt_06,ai_generate_diverse_ideas_llama_08_2,Cross-Disciplinary Analysis of Metagenomic Data for Environmental Health,Computational Analysis of Topological Features in Biological Networks,ai,ai,0.1597789775085924,0.6711968823546167,4,0.1111111111111111,0.03173773978729258
ai_generate_diverse_ideas_gpt_06,ai_generate_diverse_ideas_claude_03,Cross-Disciplinary Analysis of Metagenomic Data for Environmental Health,Deciphering the Glycan Code: Integrating Glycomics Data to Understand Carbohydrate-Mediated Cellular Communication,ai,ai,0.16551631204620798,0.5434709457803503,3,0.08108108108108109,0.038127438274725575
ai_generate_diverse_ideas_gpt_06_2,ai_generate_ideas_no_role_llama_10,Cross-Disciplinary Approach to Unraveling the Mysteries of Genetic Disorders,Community-Scale Identification of Non-Coding RNAs in Human Diseases,ai,ai,0.2411459551590495,0.7710335634215704,3,0.08108108108108109,0.02250845055330275
ai_generate_diverse_ideas_gpt_06_2,ai_generate_ideas_no_role_gpt_02,Cross-Disciplinary Approach to Unraveling the Mysteries of Genetic Disorders,Cross-Disciplinary Analysis of Neurodegenerative Diseases,ai,ai,0.3240468710822732,0.7794964123713011,5,0.14285714285714285,0.9999872040668394
ai_generate_diverse_ideas_gpt_06_2,ai_generate_ideas_no_role_gpt_03,Cross-Disciplinary Approach to Unraveling the Mysteries of Genetic Disorders,Data-Driven Approach to Understanding Antibiotic Resistance,ai,ai,0.3134939480667302,0.757289075748421,7,0.21212121212121213,0.024949538156196237
ai_generate_diverse_ideas_gpt_06_2,ai_generate_ideas_no_role_gpt_04,Cross-Disciplinary Approach to Unraveling the Mysteries of Genetic Disorders,Synthetic Biology: Data Synthesis for Biofuel Production,ai,ai,0.29477927981564234,0.7116025190572955,5,0.14285714285714285,0.999996634473922
ai_generate_diverse_ideas_gpt_06_2,ai_generate_ideas_no_role_gpt_07,Cross-Disciplinary Approach to Unraveling the Mysteries of Genetic Disorders,Data-Driven Approach to Understanding Stem Cell Differentiation,ai,ai,0.24747012841623864,0.7635237280664544,4,0.1111111111111111,0.026365890231249668
ai_generate_diverse_ideas_gpt_06_2,ai_generate_ideas_no_role_gpt_08,Cross-Disciplinary Approach to Unraveling the Mysteries of Genetic Disorders,Synthetic Biology: Data Synthesis for Gene Therapy,ai,ai,0.30686061643800555,0.7280188344969711,6,0.17647058823529413,0.024499059309114987
ai_generate_diverse_ideas_gpt_06_2,ai_generate_ideas_no_role_gpt_09,Cross-Disciplinary Approach to Unraveling the Mysteries of Genetic Disorders,Data Synthesis for Understanding Protein Folding,ai,ai,0.3215748975435635,0.7669190094799412,5,0.14285714285714285,0.022934851419667904
ai_generate_diverse_ideas_gpt_06_2,ai_generate_ideas_no_role_qwen_04,Cross-Disciplinary Approach to Unraveling the Mysteries of Genetic Disorders,Cross-Disciplinary Analysis of Host-Microbiome Interactions in Chronic Inflammatory Diseases,ai,ai,0.22178614210614525,0.7121005703102932,3,0.08108108108108109,0.023437966397086007
ai_generate_diverse_ideas_gpt_06_2,ai_generate_ideas_no_role_qwen_06,Cross-Disciplinary Approach to Unraveling the Mysteries of Genetic Disorders,Synthesizing Single-Cell Data to Explore Immune Cell Dynamics in Tumor Microenvironments,ai,ai,0.1749306669503074,0.7243366544468275,4,0.1111111111111111,0.022709631799465498
ai_generate_diverse_ideas_gpt_06_2,ai_generate_ideas_no_role_qwen_09,Cross-Disciplinary Approach to Unraveling the Mysteries of Genetic Disorders,Synthesizing Plant Omics Data to Elucidate Stress Response Mechanisms,ai,ai,0.23525544554044242,0.7393426317413012,4,0.1111111111111111,0.022639264450352733
ai_generate_diverse_ideas_gpt_06_2,ai_generate_diverse_ideas_gpt_04,Cross-Disciplinary Approach to Unraveling the Mysteries of Genetic Disorders,Synthesis of Proteomic Data for Drug Discovery,ai,ai,0.2287247051945015,0.6990609146131805,2,0.05263157894736842,0.026823088235687763
ai_generate_diverse_ideas_gpt_06_2,ai_generate_diverse_ideas_gpt_05,Cross-Disciplinary Approach to Unraveling the Mysteries of Genetic Disorders,Integration of Epigenetic Data for Understanding Aging,ai,ai,0.2466288554312801,0.7819117653773968,3,0.08108108108108109,0.9999889993786979
ai_generate_diverse_ideas_gpt_06_2,ai_generate_diverse_ideas_gpt_06,Cross-Disciplinary Approach to Unraveling the Mysteries of Genetic Disorders,Cross-Disciplinary Analysis of Metagenomic Data for Environmental Health,ai,ai,0.33577006964079165,0.7508778424285507,4,0.1111111111111111,0.02727864765374087
ai_generate_diverse_ideas_gpt_06_2,ai_generate_diverse_ideas_gpt_07_2,Cross-Disciplinary Approach to Unraveling the Mysteries of Genetic Disorders,Data Synthesis for Understanding the Molecular Mechanisms of Immune Response,ai,ai,0.3422624203262369,0.7490803916619827,8,0.25,0.0236982940790003
ai_generate_diverse_ideas_gpt_06_2,ai_generate_diverse_ideas_gpt_08_2,Cross-Disciplinary Approach to Unraveling the Mysteries of Genetic Disorders,Synthesis of Molecular Data for Understanding the Impact of Lifestyle Factors on Human Health,ai,ai,0.41090702719980055,0.787498928275933,7,0.21212121212121213,0.9999889137205924
ai_generate_diverse_ideas_gpt_06_2,ai_generate_diverse_ideas_llama_01,Cross-Disciplinary Approach to Unraveling the Mysteries of Genetic Disorders,Multimodal Data Integration for Predicting Cellular States,ai,ai,0.3287502395425495,0.7117033559969342,3,0.08108108108108109,0.02415851534044869
ai_generate_diverse_ideas_gpt_06_2,ai_generate_diverse_ideas_llama_08,Cross-Disciplinary Approach to Unraveling the Mysteries of Genetic Disorders,Integrative Analysis of Metabolic and Regulatory Networks,ai,ai,0.21677793332190046,0.7596665301225377,4,0.1111111111111111,0.02350206403564095
ai_generate_diverse_ideas_gpt_06_2,ai_generate_diverse_ideas_llama_09,Cross-Disciplinary Approach to Unraveling the Mysteries of Genetic Disorders,Data-Driven Insights into the Biology of Rare Diseases,ai,ai,0.291073892618341,0.7767727807388474,4,0.1111111111111111,0.023464037228876085
ai_generate_diverse_ideas_gpt_06_2,ai_generate_diverse_ideas_llama_04_2,Cross-Disciplinary Approach to Unraveling the Mysteries of Genetic Disorders,Synthetic Biology for Biological Timekeeping: Design and Construction of Novel Biological Clocks,ai,ai,0.1554901713657155,0.6892674909538059,5,0.14285714285714285,0.025480590210506245
ai_generate_diverse_ideas_gpt_06_2,ai_generate_diverse_ideas_llama_08_2,Cross-Disciplinary Approach to Unraveling the Mysteries of Genetic Disorders,Computational Analysis of Topological Features in Biological Networks,ai,ai,0.1788875132230351,0.6922105623651598,2,0.05263157894736842,0.026935142745961902
ai_generate_diverse_ideas_gpt_06_2,ai_generate_diverse_ideas_claude_03,Cross-Disciplinary Approach to Unraveling the Mysteries of Genetic Disorders,Deciphering the Glycan Code: Integrating Glycomics Data to Understand Carbohydrate-Mediated Cellular Communication,ai,ai,0.24234349603322006,0.5511485123243675,4,0.1111111111111111,0.03027798692788458
ai_generate_diverse_ideas_gpt_07_2,ai_generate_ideas_no_role_llama_10,Data Synthesis for Understanding the Molecular Mechanisms of Immune Response,Community-Scale Identification of Non-Coding RNAs in Human Diseases,ai,ai,0.20632592008435435,0.7379144786883504,3,0.08108108108108109,0.024366340254975232
ai_generate_diverse_ideas_gpt_07_2,ai_generate_ideas_no_role_gpt_02,Data Synthesis for Understanding the Molecular Mechanisms of Immune Response,Cross-Disciplinary Analysis of Neurodegenerative Diseases,ai,ai,0.31987933499628163,0.746390949592461,6,0.17647058823529413,0.025719403506472026
ai_generate_diverse_ideas_gpt_07_2,ai_generate_ideas_no_role_gpt_03,Data Synthesis for Understanding the Molecular Mechanisms of Immune Response,Data-Driven Approach to Understanding Antibiotic Resistance,ai,ai,0.2127818458426094,0.7744408448274321,6,0.17647058823529413,0.026482064843179696
ai_generate_diverse_ideas_gpt_07_2,ai_generate_ideas_no_role_gpt_04,Data Synthesis for Understanding the Molecular Mechanisms of Immune Response,Synthetic Biology: Data Synthesis for Biofuel Production,ai,ai,0.2363937773751287,0.6660196946045451,5,0.14285714285714285,0.025242233844945956
ai_generate_diverse_ideas_gpt_07_2,ai_generate_ideas_no_role_gpt_07,Data Synthesis for Understanding the Molecular Mechanisms of Immune Response,Data-Driven Approach to Understanding Stem Cell Differentiation,ai,ai,0.25861994427384133,0.7509711980846189,6,0.17647058823529413,0.9999910611086201
ai_generate_diverse_ideas_gpt_07_2,ai_generate_ideas_no_role_gpt_08,Data Synthesis for Understanding the Molecular Mechanisms of Immune Response,Synthetic Biology: Data Synthesis for Gene Therapy,ai,ai,0.23395978103503154,0.731987310224645,5,0.14285714285714285,0.02582395279376401
ai_generate_diverse_ideas_gpt_07_2,ai_generate_ideas_no_role_gpt_09,Data Synthesis for Understanding the Molecular Mechanisms of Immune Response,Data Synthesis for Understanding Protein Folding,ai,ai,0.3198610962682457,0.7589174156176379,7,0.21212121212121213,0.023877426838839998
ai_generate_diverse_ideas_gpt_07_2,ai_generate_ideas_no_role_qwen_04,Data Synthesis for Understanding the Molecular Mechanisms of Immune Response,Cross-Disciplinary Analysis of Host-Microbiome Interactions in Chronic Inflammatory Diseases,ai,ai,0.21674001233426848,0.757602693934632,3,0.08108108108108109,0.024977317528036815
ai_generate_diverse_ideas_gpt_07_2,ai_generate_ideas_no_role_qwen_06,Data Synthesis for Understanding the Molecular Mechanisms of Immune Response,Synthesizing Single-Cell Data to Explore Immune Cell Dynamics in Tumor Microenvironments,ai,ai,0.20503056063823782,0.7938401686277544,4,0.1111111111111111,0.02382749043012454
ai_generate_diverse_ideas_gpt_07_2,ai_generate_ideas_no_role_qwen_09,Data Synthesis for Understanding the Molecular Mechanisms of Immune Response,Synthesizing Plant Omics Data to Elucidate Stress Response Mechanisms,ai,ai,0.2243394295074379,0.7294931123148598,3,0.08108108108108109,0.02408078356642264
ai_generate_diverse_ideas_gpt_07_2,ai_generate_diverse_ideas_gpt_04,Data Synthesis for Understanding the Molecular Mechanisms of Immune Response,Synthesis of Proteomic Data for Drug Discovery,ai,ai,0.2308206732006261,0.7554612162478493,3,0.08108108108108109,0.028377645095160248
ai_generate_diverse_ideas_gpt_07_2,ai_generate_diverse_ideas_gpt_05,Data Synthesis for Understanding the Molecular Mechanisms of Immune Response,Integration of Epigenetic Data for Understanding Aging,ai,ai,0.20066112478392803,0.6869680082575531,3,0.08108108108108109,0.9999978805885246
ai_generate_diverse_ideas_gpt_07_2,ai_generate_diverse_ideas_gpt_06,Data Synthesis for Understanding the Molecular Mechanisms of Immune Response,Cross-Disciplinary Analysis of Metagenomic Data for Environmental Health,ai,ai,0.21893650386427305,0.6772209471358925,4,0.1111111111111111,0.029003183131733917
ai_generate_diverse_ideas_gpt_07_2,ai_generate_diverse_ideas_gpt_06_2,Data Synthesis for Understanding the Molecular Mechanisms of Immune Response,Cross-Disciplinary Approach to Unraveling the Mysteries of Genetic Disorders,ai,ai,0.34226242032623655,0.7490803916619827,8,0.25,0.0236982940790003
ai_generate_diverse_ideas_gpt_07_2,ai_generate_diverse_ideas_gpt_08_2,Data Synthesis for Understanding the Molecular Mechanisms of Immune Response,Synthesis of Molecular Data for Understanding the Impact of Lifestyle Factors on Human Health,ai,ai,0.2984734394669297,0.7869138296348273,7,0.21212121212121213,0.9999985316880361
ai_generate_diverse_ideas_gpt_07_2,ai_generate_diverse_ideas_llama_01,Data Synthesis for Understanding the Molecular Mechanisms of Immune Response,Multimodal Data Integration for Predicting Cellular States,ai,ai,0.28149896561175075,0.7132334160073944,3,0.08108108108108109,0.9999974081976059
ai_generate_diverse_ideas_gpt_07_2,ai_generate_diverse_ideas_llama_08,Data Synthesis for Understanding the Molecular Mechanisms of Immune Response,Integrative Analysis of Metabolic and Regulatory Networks,ai,ai,0.20802574048785374,0.7494602546195503,4,0.1111111111111111,0.02489392435028996
ai_generate_diverse_ideas_gpt_07_2,ai_generate_diverse_ideas_llama_09,Data Synthesis for Understanding the Molecular Mechanisms of Immune Response,Data-Driven Insights into the Biology of Rare Diseases,ai,ai,0.2372089619492088,0.7179449569030093,4,0.1111111111111111,0.02511971686084071
ai_generate_diverse_ideas_gpt_07_2,ai_generate_diverse_ideas_llama_04_2,Data Synthesis for Understanding the Molecular Mechanisms of Immune Response,Synthetic Biology for Biological Timekeeping: Design and Construction of Novel Biological Clocks,ai,ai,0.1356726742309975,0.6733198408654649,4,0.1111111111111111,0.026894833253096148
ai_generate_diverse_ideas_gpt_07_2,ai_generate_diverse_ideas_llama_08_2,Data Synthesis for Understanding the Molecular Mechanisms of Immune Response,Computational Analysis of Topological Features in Biological Networks,ai,ai,0.14710760658767416,0.7088796097548056,3,0.08108108108108109,0.999984323838601
ai_generate_diverse_ideas_gpt_07_2,ai_generate_diverse_ideas_claude_03,Data Synthesis for Understanding the Molecular Mechanisms of Immune Response,Deciphering the Glycan Code: Integrating Glycomics Data to Understand Carbohydrate-Mediated Cellular Communication,ai,ai,0.24017874506991985,0.5392298436715707,2,0.05263157894736842,0.033142068270428746
ai_generate_diverse_ideas_gpt_08_2,ai_generate_ideas_no_role_llama_10,Synthesis of Molecular Data for Understanding the Impact of Lifestyle Factors on Human Health,Community-Scale Identification of Non-Coding RNAs in Human Diseases,ai,ai,0.20132862212979055,0.769260997393385,5,0.14285714285714285,0.9999893850599553
ai_generate_diverse_ideas_gpt_08_2,ai_generate_ideas_no_role_gpt_02,Synthesis of Molecular Data for Understanding the Impact of Lifestyle Factors on Human Health,Cross-Disciplinary Analysis of Neurodegenerative Diseases,ai,ai,0.3221610664884481,0.7781629504842422,7,0.21212121212121213,0.9999998242813389
ai_generate_diverse_ideas_gpt_08_2,ai_generate_ideas_no_role_gpt_03,Synthesis of Molecular Data for Understanding the Impact of Lifestyle Factors on Human Health,Data-Driven Approach to Understanding Antibiotic Resistance,ai,ai,0.2700593963356847,0.7464468590759186,8,0.25,0.027176773105210314
ai_generate_diverse_ideas_gpt_08_2,ai_generate_ideas_no_role_gpt_04,Synthesis of Molecular Data for Understanding the Impact of Lifestyle Factors on Human Health,Synthetic Biology: Data Synthesis for Biofuel Production,ai,ai,0.24369933852285233,0.7416647905692162,4,0.1111111111111111,0.02611818711217862
ai_generate_diverse_ideas_gpt_08_2,ai_generate_ideas_no_role_gpt_07,Synthesis of Molecular Data for Understanding the Impact of Lifestyle Factors on Human Health,Data-Driven Approach to Understanding Stem Cell Differentiation,ai,ai,0.24660455194716563,0.792136829912649,6,0.17647058823529413,0.028419227393789985
ai_generate_diverse_ideas_gpt_08_2,ai_generate_ideas_no_role_gpt_08,Synthesis of Molecular Data for Understanding the Impact of Lifestyle Factors on Human Health,Synthetic Biology: Data Synthesis for Gene Therapy,ai,ai,0.2546098059715527,0.6829818967380461,5,0.14285714285714285,0.999999992319239
ai_generate_diverse_ideas_gpt_08_2,ai_generate_ideas_no_role_gpt_09,Synthesis of Molecular Data for Understanding the Impact of Lifestyle Factors on Human Health,Data Synthesis for Understanding Protein Folding,ai,ai,0.2845580399398292,0.7585796360097083,6,0.17647058823529413,0.025401037035475055
ai_generate_diverse_ideas_gpt_08_2,ai_generate_ideas_no_role_qwen_04,Synthesis of Molecular Data for Understanding the Impact of Lifestyle Factors on Human Health,Cross-Disciplinary Analysis of Host-Microbiome Interactions in Chronic Inflammatory Diseases,ai,ai,0.17566569201474305,0.7412922600016326,3,0.08108108108108109,0.025138961343077245
ai_generate_diverse_ideas_gpt_08_2,ai_generate_ideas_no_role_qwen_06,Synthesis of Molecular Data for Understanding the Impact of Lifestyle Factors on Human Health,Synthesizing Single-Cell Data to Explore Immune Cell Dynamics in Tumor Microenvironments,ai,ai,0.1271805949722464,0.7164368066329936,4,0.1111111111111111,0.024519722329869917
ai_generate_diverse_ideas_gpt_08_2,ai_generate_ideas_no_role_qwen_09,Synthesis of Molecular Data for Understanding the Impact of Lifestyle Factors on Human Health,Synthesizing Plant Omics Data to Elucidate Stress Response Mechanisms,ai,ai,0.19418049952043184,0.7585751344020293,4,0.1111111111111111,0.9999609167005845
ai_generate_diverse_ideas_gpt_08_2,ai_generate_diverse_ideas_gpt_04,Synthesis of Molecular Data for Understanding the Impact of Lifestyle Factors on Human Health,Synthesis of Proteomic Data for Drug Discovery,ai,ai,0.20330650218543353,0.7557137963408685,4,0.1111111111111111,0.029347066536502944
ai_generate_diverse_ideas_gpt_08_2,ai_generate_diverse_ideas_gpt_05,Synthesis of Molecular Data for Understanding the Impact of Lifestyle Factors on Human Health,Integration of Epigenetic Data for Understanding Aging,ai,ai,0.22411539125864308,0.780850653737796,5,0.14285714285714285,0.027482983005955176
ai_generate_diverse_ideas_gpt_08_2,ai_generate_diverse_ideas_gpt_06,Synthesis of Molecular Data for Understanding the Impact of Lifestyle Factors on Human Health,Cross-Disciplinary Analysis of Metagenomic Data for Environmental Health,ai,ai,0.3158405254701786,0.7453136186118613,6,0.17647058823529413,0.029571871998519697
ai_generate_diverse_ideas_gpt_08_2,ai_generate_diverse_ideas_gpt_06_2,Synthesis of Molecular Data for Understanding the Impact of Lifestyle Factors on Human Health,Cross-Disciplinary Approach to Unraveling the Mysteries of Genetic Disorders,ai,ai,0.4109070271998007,0.787498928275933,7,0.21212121212121213,0.9999889137205924
ai_generate_diverse_ideas_gpt_08_2,ai_generate_diverse_ideas_gpt_07_2,Synthesis of Molecular Data for Understanding the Impact of Lifestyle Factors on Human Health,Data Synthesis for Understanding the Molecular Mechanisms of Immune Response,ai,ai,0.29847343946693,0.7869138296348273,7,0.21212121212121213,0.9999985316880361
ai_generate_diverse_ideas_gpt_08_2,ai_generate_diverse_ideas_llama_01,Synthesis of Molecular Data for Understanding the Impact of Lifestyle Factors on Human Health,Multimodal Data Integration for Predicting Cellular States,ai,ai,0.2933963826099499,0.755666479163839,3,0.08108108108108109,0.0256682614015298
ai_generate_diverse_ideas_gpt_08_2,ai_generate_diverse_ideas_llama_08,Synthesis of Molecular Data for Understanding the Impact of Lifestyle Factors on Human Health,Integrative Analysis of Metabolic and Regulatory Networks,ai,ai,0.16538766407570138,0.7821705446527498,5,0.14285714285714285,0.025974383381314907
ai_generate_diverse_ideas_gpt_08_2,ai_generate_diverse_ideas_llama_09,Synthesis of Molecular Data for Understanding the Impact of Lifestyle Factors on Human Health,Data-Driven Insights into the Biology of Rare Diseases,ai,ai,0.24826688076926143,0.735218528528621,5,0.14285714285714285,0.024666008328893388
ai_generate_diverse_ideas_gpt_08_2,ai_generate_diverse_ideas_llama_04_2,Synthesis of Molecular Data for Understanding the Impact of Lifestyle Factors on Human Health,Synthetic Biology for Biological Timekeeping: Design and Construction of Novel Biological Clocks,ai,ai,0.11828080905940859,0.7276769846818198,3,0.08108108108108109,0.027906768137534697
ai_generate_diverse_ideas_gpt_08_2,ai_generate_diverse_ideas_llama_08_2,Synthesis of Molecular Data for Understanding the Impact of Lifestyle Factors on Human Health,Computational Analysis of Topological Features in Biological Networks,ai,ai,0.1698337100080854,0.715562163235447,2,0.05263157894736842,0.02957771030575802
ai_generate_diverse_ideas_gpt_08_2,ai_generate_diverse_ideas_claude_03,Synthesis of Molecular Data for Understanding the Impact of Lifestyle Factors on Human Health,Deciphering the Glycan Code: Integrating Glycomics Data to Understand Carbohydrate-Mediated Cellular Communication,ai,ai,0.19061550016967957,0.5582328661789724,3,0.08108108108108109,0.03306707085533425
ai_generate_diverse_ideas_llama_01,ai_generate_ideas_no_role_llama_10,Multimodal Data Integration for Predicting Cellular States,Community-Scale Identification of Non-Coding RNAs in Human Diseases,ai,ai,0.23601206655952658,0.7251409357434888,2,0.05263157894736842,0.024686214814888648
ai_generate_diverse_ideas_llama_01,ai_generate_ideas_no_role_gpt_02,Multimodal Data Integration for Predicting Cellular States,Cross-Disciplinary Analysis of Neurodegenerative Diseases,ai,ai,0.2480569193261786,0.7489649493338725,3,0.08108108108108109,0.9999959307752727
ai_generate_diverse_ideas_llama_01,ai_generate_ideas_no_role_gpt_03,Multimodal Data Integration for Predicting Cellular States,Data-Driven Approach to Understanding Antibiotic Resistance,ai,ai,0.1712460571062252,0.6645619159854375,2,0.05263157894736842,0.026086950262905393
ai_generate_diverse_ideas_llama_01,ai_generate_ideas_no_role_gpt_04,Multimodal Data Integration for Predicting Cellular States,Synthetic Biology: Data Synthesis for Biofuel Production,ai,ai,0.24075682209205135,0.6969678575384007,2,0.05263157894736842,0.025138163001917336
ai_generate_diverse_ideas_llama_01,ai_generate_ideas_no_role_gpt_07,Multimodal Data Integration for Predicting Cellular States,Data-Driven Approach to Understanding Stem Cell Differentiation,ai,ai,0.18033846267977655,0.7631417745211229,2,0.05263157894736842,0.027092433043532767
ai_generate_diverse_ideas_llama_01,ai_generate_ideas_no_role_gpt_08,Multimodal Data Integration for Predicting Cellular States,Synthetic Biology: Data Synthesis for Gene Therapy,ai,ai,0.2351864908059387,0.6702549778871704,2,0.05263157894736842,0.02579920865611042
ai_generate_diverse_ideas_llama_01,ai_generate_ideas_no_role_gpt_09,Multimodal Data Integration for Predicting Cellular States,Data Synthesis for Understanding Protein Folding,ai,ai,0.23663969795157314,0.7255882941688567,3,0.08108108108108109,0.9999999939293669
ai_generate_diverse_ideas_llama_01,ai_generate_ideas_no_role_qwen_04,Multimodal Data Integration for Predicting Cellular States,Cross-Disciplinary Analysis of Host-Microbiome Interactions in Chronic Inflammatory Diseases,ai,ai,0.20861359421844816,0.6706676944084531,1,0.02564102564102564,0.02533190578288965
ai_generate_diverse_ideas_llama_01,ai_generate_ideas_no_role_qwen_06,Multimodal Data Integration for Predicting Cellular States,Synthesizing Single-Cell Data to Explore Immune Cell Dynamics in Tumor Microenvironments,ai,ai,0.19904959974867073,0.7405305574170464,2,0.05263157894736842,0.024660112319494783
ai_generate_diverse_ideas_llama_01,ai_generate_ideas_no_role_qwen_09,Multimodal Data Integration for Predicting Cellular States,Synthesizing Plant Omics Data to Elucidate Stress Response Mechanisms,ai,ai,0.23914421817044562,0.6849714601264987,3,0.08108108108108109,0.024777518106865258
ai_generate_diverse_ideas_llama_01,ai_generate_diverse_ideas_gpt_04,Multimodal Data Integration for Predicting Cellular States,Synthesis of Proteomic Data for Drug Discovery,ai,ai,0.18640269531290446,0.7262881516718036,1,0.02564102564102564,0.028022795099994183
ai_generate_diverse_ideas_llama_01,ai_generate_diverse_ideas_gpt_05,Multimodal Data Integration for Predicting Cellular States,Integration of Epigenetic Data for Understanding Aging,ai,ai,0.19429339769575654,0.6509700914198153,2,0.05263157894736842,0.026014904598374407
ai_generate_diverse_ideas_llama_01,ai_generate_diverse_ideas_gpt_06,Multimodal Data Integration for Predicting Cellular States,Cross-Disciplinary Analysis of Metagenomic Data for Environmental Health,ai,ai,0.21253519833651446,0.6607029312888698,2,0.05263157894736842,0.9999719177483598
ai_generate_diverse_ideas_llama_01,ai_generate_diverse_ideas_gpt_06_2,Multimodal Data Integration for Predicting Cellular States,Cross-Disciplinary Approach to Unraveling the Mysteries of Genetic Disorders,ai,ai,0.32875023954254967,0.7117033559969342,3,0.08108108108108109,0.02415851534044869
ai_generate_diverse_ideas_llama_01,ai_generate_diverse_ideas_gpt_07_2,Multimodal Data Integration for Predicting Cellular States,Data Synthesis for Understanding the Molecular Mechanisms of Immune Response,ai,ai,0.28149896561175203,0.7132334160073944,3,0.08108108108108109,0.9999974081976059
ai_generate_diverse_ideas_llama_01,ai_generate_diverse_ideas_gpt_08_2,Multimodal Data Integration for Predicting Cellular States,Synthesis of Molecular Data for Understanding the Impact of Lifestyle Factors on Human Health,ai,ai,0.29339638260994866,0.755666479163839,3,0.08108108108108109,0.0256682614015298
ai_generate_diverse_ideas_llama_01,ai_generate_diverse_ideas_llama_08,Multimodal Data Integration for Predicting Cellular States,Integrative Analysis of Metabolic and Regulatory Networks,ai,ai,0.22179052409899713,0.7568556067970095,2,0.05263157894736842,0.025934851381340954
ai_generate_diverse_ideas_llama_01,ai_generate_diverse_ideas_llama_09,Multimodal Data Integration for Predicting Cellular States,Data-Driven Insights into the Biology of Rare Diseases,ai,ai,0.37445452443190524,0.7501425910577483,6,0.17647058823529413,0.025181065525807143
ai_generate_diverse_ideas_llama_01,ai_generate_diverse_ideas_llama_04_2,Multimodal Data Integration for Predicting Cellular States,Synthetic Biology for Biological Timekeeping: Design and Construction of Novel Biological Clocks,ai,ai,0.17086362581470968,0.681650306991227,0,0.0,0.026973573149014246
ai_generate_diverse_ideas_llama_01,ai_generate_diverse_ideas_llama_08_2,Multimodal Data Integration for Predicting Cellular States,Computational Analysis of Topological Features in Biological Networks,ai,ai,0.2654049033485946,0.7185746253817584,3,0.08108108108108109,0.9999789531809556
ai_generate_diverse_ideas_llama_01,ai_generate_diverse_ideas_claude_03,Multimodal Data Integration for Predicting Cellular States,Deciphering the Glycan Code: Integrating Glycomics Data to Understand Carbohydrate-Mediated Cellular Communication,ai,ai,0.2596917129960472,0.5375086217552745,4,0.1111111111111111,0.031139550843899147
ai_generate_diverse_ideas_llama_08,ai_generate_ideas_no_role_llama_10,Integrative Analysis of Metabolic and Regulatory Networks,Community-Scale Identification of Non-Coding RNAs in Human Diseases,ai,ai,0.18854469043176827,0.7819609827071992,4,0.1111111111111111,0.024236872069786537
ai_generate_diverse_ideas_llama_08,ai_generate_ideas_no_role_gpt_02,Integrative Analysis of Metabolic and Regulatory Networks,Cross-Disciplinary Analysis of Neurodegenerative Diseases,ai,ai,0.16208167672817533,0.7701947788895477,4,0.1111111111111111,0.026029832648538132
ai_generate_diverse_ideas_llama_08,ai_generate_ideas_no_role_gpt_03,Integrative Analysis of Metabolic and Regulatory Networks,Data-Driven Approach to Understanding Antibiotic Resistance,ai,ai,0.14115058853470236,0.7009501118098904,6,0.17647058823529413,0.026114721227176625
ai_generate_diverse_ideas_llama_08,ai_generate_ideas_no_role_gpt_04,Integrative Analysis of Metabolic and Regulatory Networks,Synthetic Biology: Data Synthesis for Biofuel Production,ai,ai,0.2183152679256688,0.772832114997671,5,0.14285714285714285,0.9999998280313167
ai_generate_diverse_ideas_llama_08,ai_generate_ideas_no_role_gpt_07,Integrative Analysis of Metabolic and Regulatory Networks,Data-Driven Approach to Understanding Stem Cell Differentiation,ai,ai,0.14099098295718324,0.7491300241982503,4,0.1111111111111111,0.02736251004527205
ai_generate_diverse_ideas_llama_08,ai_generate_ideas_no_role_gpt_08,Integrative Analysis of Metabolic and Regulatory Networks,Synthetic Biology: Data Synthesis for Gene Therapy,ai,ai,0.13872876880427434,0.6647068830619713,2,0.05263157894736842,0.025420273585455143
ai_generate_diverse_ideas_llama_08,ai_generate_ideas_no_role_gpt_09,Integrative Analysis of Metabolic and Regulatory Networks,Data Synthesis for Understanding Protein Folding,ai,ai,0.19307619346276922,0.7337484987530775,4,0.1111111111111111,0.023418460977673385
ai_generate_diverse_ideas_llama_08,ai_generate_ideas_no_role_qwen_04,Integrative Analysis of Metabolic and Regulatory Networks,Cross-Disciplinary Analysis of Host-Microbiome Interactions in Chronic Inflammatory Diseases,ai,ai,0.17432965215932594,0.7007780115030667,3,0.08108108108108109,0.02485529428225519
ai_generate_diverse_ideas_llama_08,ai_generate_ideas_no_role_qwen_06,Integrative Analysis of Metabolic and Regulatory Networks,Synthesizing Single-Cell Data to Explore Immune Cell Dynamics in Tumor Microenvironments,ai,ai,0.1366356941036758,0.7180122979603122,4,0.1111111111111111,0.9999892442693248
ai_generate_diverse_ideas_llama_08,ai_generate_ideas_no_role_qwen_09,Integrative Analysis of Metabolic and Regulatory Networks,Synthesizing Plant Omics Data to Elucidate Stress Response Mechanisms,ai,ai,0.1991831949100943,0.7485075242735564,5,0.14285714285714285,0.023619397008609006
ai_generate_diverse_ideas_llama_08,ai_generate_diverse_ideas_gpt_04,Integrative Analysis of Metabolic and Regulatory Networks,Synthesis of Proteomic Data for Drug Discovery,ai,ai,0.1773952284878326,0.7487748200030564,4,0.1111111111111111,0.027514056842235905
ai_generate_diverse_ideas_llama_08,ai_generate_diverse_ideas_gpt_05,Integrative Analysis of Metabolic and Regulatory Networks,Integration of Epigenetic Data for Understanding Aging,ai,ai,0.1631632231433235,0.7165875461928636,7,0.21212121212121213,0.02573574243442017
ai_generate_diverse_ideas_llama_08,ai_generate_diverse_ideas_gpt_06,Integrative Analysis of Metabolic and Regulatory Networks,Cross-Disciplinary Analysis of Metagenomic Data for Environmental Health,ai,ai,0.13930096700565195,0.6887061474308338,4,0.1111111111111111,0.028009901719461272
ai_generate_diverse_ideas_llama_08,ai_generate_diverse_ideas_gpt_06_2,Integrative Analysis of Metabolic and Regulatory Networks,Cross-Disciplinary Approach to Unraveling the Mysteries of Genetic Disorders,ai,ai,0.2167779333219003,0.7596665301225377,4,0.1111111111111111,0.02350206403564095
ai_generate_diverse_ideas_llama_08,ai_generate_diverse_ideas_gpt_07_2,Integrative Analysis of Metabolic and Regulatory Networks,Data Synthesis for Understanding the Molecular Mechanisms of Immune Response,ai,ai,0.20802574048785374,0.7494602546195503,4,0.1111111111111111,0.02489392435028996
ai_generate_diverse_ideas_llama_08,ai_generate_diverse_ideas_gpt_08_2,Integrative Analysis of Metabolic and Regulatory Networks,Synthesis of Molecular Data for Understanding the Impact of Lifestyle Factors on Human Health,ai,ai,0.1653876640757014,0.7821705446527498,5,0.14285714285714285,0.025974383381314907
ai_generate_diverse_ideas_llama_08,ai_generate_diverse_ideas_llama_01,Integrative Analysis of Metabolic and Regulatory Networks,Multimodal Data Integration for Predicting Cellular States,ai,ai,0.2217905240989973,0.7568556067970095,2,0.05263157894736842,0.025934851381340954
ai_generate_diverse_ideas_llama_08,ai_generate_diverse_ideas_llama_09,Integrative Analysis of Metabolic and Regulatory Networks,Data-Driven Insights into the Biology of Rare Diseases,ai,ai,0.22332980920642684,0.7317193375432802,4,0.1111111111111111,0.024906220848607587
ai_generate_diverse_ideas_llama_08,ai_generate_diverse_ideas_llama_04_2,Integrative Analysis of Metabolic and Regulatory Networks,Synthetic Biology for Biological Timekeeping: Design and Construction of Novel Biological Clocks,ai,ai,0.14994841305793663,0.7109057447155807,3,0.08108108108108109,0.026032493619876834
ai_generate_diverse_ideas_llama_08,ai_generate_diverse_ideas_llama_08_2,Integrative Analysis of Metabolic and Regulatory Networks,Computational Analysis of Topological Features in Biological Networks,ai,ai,0.21190053604418638,0.7955310408324607,3,0.08108108108108109,0.02660185283927173
ai_generate_diverse_ideas_llama_08,ai_generate_diverse_ideas_claude_03,Integrative Analysis of Metabolic and Regulatory Networks,Deciphering the Glycan Code: Integrating Glycomics Data to Understand Carbohydrate-Mediated Cellular Communication,ai,ai,0.1592459766403052,0.5791398167445962,3,0.08108108108108109,0.030509795021289747
ai_generate_diverse_ideas_llama_09,ai_generate_ideas_no_role_llama_10,Data-Driven Insights into the Biology of Rare Diseases,Community-Scale Identification of Non-Coding RNAs in Human Diseases,ai,ai,0.29062761162361944,0.7772075098462233,6,0.17647058823529413,0.02375214803561684
ai_generate_diverse_ideas_llama_09,ai_generate_ideas_no_role_gpt_02,Data-Driven Insights into the Biology of Rare Diseases,Cross-Disciplinary Analysis of Neurodegenerative Diseases,ai,ai,0.27198081443455624,0.7774613473034709,5,0.14285714285714285,0.9999911007742878
ai_generate_diverse_ideas_llama_09,ai_generate_ideas_no_role_gpt_03,Data-Driven Insights into the Biology of Rare Diseases,Data-Driven Approach to Understanding Antibiotic Resistance,ai,ai,0.16741329071952019,0.7308453703369493,4,0.1111111111111111,0.02519724231451053
ai_generate_diverse_ideas_llama_09,ai_generate_ideas_no_role_gpt_04,Data-Driven Insights into the Biology of Rare Diseases,Synthetic Biology: Data Synthesis for Biofuel Production,ai,ai,0.2027621491146137,0.6700307301635714,4,0.1111111111111111,0.02446099065194643
ai_generate_diverse_ideas_llama_09,ai_generate_ideas_no_role_gpt_07,Data-Driven Insights into the Biology of Rare Diseases,Data-Driven Approach to Understanding Stem Cell Differentiation,ai,ai,0.15859617548603092,0.7271502533776615,2,0.05263157894736842,0.02630096930829347
ai_generate_diverse_ideas_llama_09,ai_generate_ideas_no_role_gpt_08,Data-Driven Insights into the Biology of Rare Diseases,Synthetic Biology: Data Synthesis for Gene Therapy,ai,ai,0.18168950044898827,0.7111940295427024,3,0.08108108108108109,0.025219801989846427
ai_generate_diverse_ideas_llama_09,ai_generate_ideas_no_role_gpt_09,Data-Driven Insights into the Biology of Rare Diseases,Data Synthesis for Understanding Protein Folding,ai,ai,0.24832235577298442,0.7438783902876698,6,0.17647058823529413,0.02371081777083301
ai_generate_diverse_ideas_llama_09,ai_generate_ideas_no_role_qwen_04,Data-Driven Insights into the Biology of Rare Diseases,Cross-Disciplinary Analysis of Host-Microbiome Interactions in Chronic Inflammatory Diseases,ai,ai,0.2792495217477972,0.7156935173279958,8,0.25,0.024630902779177608
ai_generate_diverse_ideas_llama_09,ai_generate_ideas_no_role_qwen_06,Data-Driven Insights into the Biology of Rare Diseases,Synthesizing Single-Cell Data to Explore Immune Cell Dynamics in Tumor Microenvironments,ai,ai,0.175082730003226,0.7505427018914632,4,0.1111111111111111,0.024345672916196662
ai_generate_diverse_ideas_llama_09,ai_generate_ideas_no_role_qwen_09,Data-Driven Insights into the Biology of Rare Diseases,Synthesizing Plant Omics Data to Elucidate Stress Response Mechanisms,ai,ai,0.2150608422637448,0.6793570418028366,4,0.1111111111111111,0.024145392985286892
ai_generate_diverse_ideas_llama_09,ai_generate_diverse_ideas_gpt_04,Data-Driven Insights into the Biology of Rare Diseases,Synthesis of Proteomic Data for Drug Discovery,ai,ai,0.21268050042997436,0.7404633441821643,4,0.1111111111111111,0.026819133363993358
ai_generate_diverse_ideas_llama_09,ai_generate_diverse_ideas_gpt_05,Data-Driven Insights into the Biology of Rare Diseases,Integration of Epigenetic Data for Understanding Aging,ai,ai,0.19890661804242388,0.6832265097861866,5,0.14285714285714285,0.025129407637701072
ai_generate_diverse_ideas_llama_09,ai_generate_diverse_ideas_gpt_06,Data-Driven Insights into the Biology of Rare Diseases,Cross-Disciplinary Analysis of Metagenomic Data for Environmental Health,ai,ai,0.21625875794273955,0.7226881362450404,6,0.17647058823529413,0.9999658197717457
ai_generate_diverse_ideas_llama_09,ai_generate_diverse_ideas_gpt_06_2,Data-Driven Insights into the Biology of Rare Diseases,Cross-Disciplinary Approach to Unraveling the Mysteries of Genetic Disorders,ai,ai,0.29107389261834155,0.7767727807388474,4,0.1111111111111111,0.023464037228876085
ai_generate_diverse_ideas_llama_09,ai_generate_diverse_ideas_gpt_07_2,Data-Driven Insights into the Biology of Rare Diseases,Data Synthesis for Understanding the Molecular Mechanisms of Immune Response,ai,ai,0.2372089619492089,0.7179449569030093,4,0.1111111111111111,0.02511971686084071
ai_generate_diverse_ideas_llama_09,ai_generate_diverse_ideas_gpt_08_2,Data-Driven Insights into the Biology of Rare Diseases,Synthesis of Molecular Data for Understanding the Impact of Lifestyle Factors on Human Health,ai,ai,0.24826688076926165,0.735218528528621,5,0.14285714285714285,0.024666008328893388
ai_generate_diverse_ideas_llama_09,ai_generate_diverse_ideas_llama_01,Data-Driven Insights into the Biology of Rare Diseases,Multimodal Data Integration for Predicting Cellular States,ai,ai,0.37445452443190497,0.7501425910577483,6,0.17647058823529413,0.025181065525807143
ai_generate_diverse_ideas_llama_09,ai_generate_diverse_ideas_llama_08,Data-Driven Insights into the Biology of Rare Diseases,Integrative Analysis of Metabolic and Regulatory Networks,ai,ai,0.22332980920642687,0.7317193375432802,4,0.1111111111111111,0.024906220848607587
ai_generate_diverse_ideas_llama_09,ai_generate_diverse_ideas_llama_04_2,Data-Driven Insights into the Biology of Rare Diseases,Synthetic Biology for Biological Timekeeping: Design and Construction of Novel Biological Clocks,ai,ai,0.13013374495246866,0.6783966947179456,1,0.02564102564102564,0.026515097167866215
ai_generate_diverse_ideas_llama_09,ai_generate_diverse_ideas_llama_08_2,Data-Driven Insights into the Biology of Rare Diseases,Computational Analysis of Topological Features in Biological Networks,ai,ai,0.19134152312887676,0.663499003539364,2,0.05263157894736842,0.027350225049051827
ai_generate_diverse_ideas_llama_09,ai_generate_diverse_ideas_claude_03,Data-Driven Insights into the Biology of Rare Diseases,Deciphering the Glycan Code: Integrating Glycomics Data to Understand Carbohydrate-Mediated Cellular Communication,ai,ai,0.229340714996562,0.5436603255126531,4,0.1111111111111111,0.03116088929852088
ai_generate_diverse_ideas_llama_04_2,ai_generate_ideas_no_role_llama_10,Synthetic Biology for Biological Timekeeping: Design and Construction of Novel Biological Clocks,Community-Scale Identification of Non-Coding RNAs in Human Diseases,ai,ai,0.14967330599888584,0.68440220887542,2,0.05263157894736842,0.026290034304895564
ai_generate_diverse_ideas_llama_04_2,ai_generate_ideas_no_role_gpt_02,Synthetic Biology for Biological Timekeeping: Design and Construction of Novel Biological Clocks,Cross-Disciplinary Analysis of Neurodegenerative Diseases,ai,ai,0.1226449472532458,0.6940073820222918,3,0.08108108108108109,0.02798099309824188
ai_generate_diverse_ideas_llama_04_2,ai_generate_ideas_no_role_gpt_03,Synthetic Biology for Biological Timekeeping: Design and Construction of Novel Biological Clocks,Data-Driven Approach to Understanding Antibiotic Resistance,ai,ai,0.11216967782613847,0.6837367327396877,4,0.1111111111111111,0.028056893184762375
ai_generate_diverse_ideas_llama_04_2,ai_generate_ideas_no_role_gpt_04,Synthetic Biology for Biological Timekeeping: Design and Construction of Novel Biological Clocks,Synthetic Biology: Data Synthesis for Biofuel Production,ai,ai,0.1380733363926264,0.7257762561311543,1,0.02564102564102564,0.025860686008626163
ai_generate_diverse_ideas_llama_04_2,ai_generate_ideas_no_role_gpt_07,Synthetic Biology for Biological Timekeeping: Design and Construction of Novel Biological Clocks,Data-Driven Approach to Understanding Stem Cell Differentiation,ai,ai,0.08885159802374765,0.6598206149216592,2,0.05263157894736842,0.02929959311575607
ai_generate_diverse_ideas_llama_04_2,ai_generate_ideas_no_role_gpt_08,Synthetic Biology for Biological Timekeeping: Design and Construction of Novel Biological Clocks,Synthetic Biology: Data Synthesis for Gene Therapy,ai,ai,0.15896879369486291,0.6980145900858616,1,0.02564102564102564,0.026681026063021307
ai_generate_diverse_ideas_llama_04_2,ai_generate_ideas_no_role_gpt_09,Synthetic Biology for Biological Timekeeping: Design and Construction of Novel Biological Clocks,Data Synthesis for Understanding Protein Folding,ai,ai,0.1166821201249662,0.7091406916029802,2,0.05263157894736842,0.025899656256499683
ai_generate_diverse_ideas_llama_04_2,ai_generate_ideas_no_role_qwen_04,Synthetic Biology for Biological Timekeeping: Design and Construction of Novel Biological Clocks,Cross-Disciplinary Analysis of Host-Microbiome Interactions in Chronic Inflammatory Diseases,ai,ai,0.11388124383671101,0.623236873007655,1,0.02564102564102564,0.02625171379198887
ai_generate_diverse_ideas_llama_04_2,ai_generate_ideas_no_role_qwen_06,Synthetic Biology for Biological Timekeeping: Design and Construction of Novel Biological Clocks,Synthesizing Single-Cell Data to Explore Immune Cell Dynamics in Tumor Microenvironments,ai,ai,0.08357608149172557,0.633068800253366,1,0.02564102564102564,0.026281929057495847
ai_generate_diverse_ideas_llama_04_2,ai_generate_ideas_no_role_qwen_09,Synthetic Biology for Biological Timekeeping: Design and Construction of Novel Biological Clocks,Synthesizing Plant Omics Data to Elucidate Stress Response Mechanisms,ai,ai,0.11920583849602827,0.6896832872457301,1,0.02564102564102564,0.025278773549247284
ai_generate_diverse_ideas_llama_04_2,ai_generate_diverse_ideas_gpt_04,Synthetic Biology for Biological Timekeeping: Design and Construction of Novel Biological Clocks,Synthesis of Proteomic Data for Drug Discovery,ai,ai,0.11376821917644438,0.6883310255651104,3,0.08108108108108109,0.029478595784771362
ai_generate_diverse_ideas_llama_04_2,ai_generate_diverse_ideas_gpt_05,Synthetic Biology for Biological Timekeeping: Design and Construction of Novel Biological Clocks,Integration of Epigenetic Data for Understanding Aging,ai,ai,0.11959123411565885,0.6786515136789979,2,0.05263157894736842,0.026742262760439582
ai_generate_diverse_ideas_llama_04_2,ai_generate_diverse_ideas_gpt_06,Synthetic Biology for Biological Timekeeping: Design and Construction of Novel Biological Clocks,Cross-Disciplinary Analysis of Metagenomic Data for Environmental Health,ai,ai,0.09904248504871976,0.6492987885506472,2,0.05263157894736842,0.9999956066135429
ai_generate_diverse_ideas_llama_04_2,ai_generate_diverse_ideas_gpt_06_2,Synthetic Biology for Biological Timekeeping: Design and Construction of Novel Biological Clocks,Cross-Disciplinary Approach to Unraveling the Mysteries of Genetic Disorders,ai,ai,0.15549017136571552,0.6892674909538059,5,0.14285714285714285,0.025480590210506245
ai_generate_diverse_ideas_llama_04_2,ai_generate_diverse_ideas_gpt_07_2,Synthetic Biology for Biological Timekeeping: Design and Construction of Novel Biological Clocks,Data Synthesis for Understanding the Molecular Mechanisms of Immune Response,ai,ai,0.13567267423099744,0.6733198408654649,4,0.1111111111111111,0.026894833253096148
ai_generate_diverse_ideas_llama_04_2,ai_generate_diverse_ideas_gpt_08_2,Synthetic Biology for Biological Timekeeping: Design and Construction of Novel Biological Clocks,Synthesis of Molecular Data for Understanding the Impact of Lifestyle Factors on Human Health,ai,ai,0.11828080905940852,0.7276769846818198,3,0.08108108108108109,0.027906768137534697
ai_generate_diverse_ideas_llama_04_2,ai_generate_diverse_ideas_llama_01,Synthetic Biology for Biological Timekeeping: Design and Construction of Novel Biological Clocks,Multimodal Data Integration for Predicting Cellular States,ai,ai,0.17086362581470885,0.681650306991227,0,0.0,0.026973573149014246
ai_generate_diverse_ideas_llama_04_2,ai_generate_diverse_ideas_llama_08,Synthetic Biology for Biological Timekeeping: Design and Construction of Novel Biological Clocks,Integrative Analysis of Metabolic and Regulatory Networks,ai,ai,0.14994841305793646,0.7109057447155807,3,0.08108108108108109,0.026032493619876834
ai_generate_diverse_ideas_llama_04_2,ai_generate_diverse_ideas_llama_09,Synthetic Biology for Biological Timekeeping: Design and Construction of Novel Biological Clocks,Data-Driven Insights into the Biology of Rare Diseases,ai,ai,0.13013374495246885,0.6783966947179456,1,0.02564102564102564,0.026515097167866215
ai_generate_diverse_ideas_llama_04_2,ai_generate_diverse_ideas_llama_08_2,Synthetic Biology for Biological Timekeeping: Design and Construction of Novel Biological Clocks,Computational Analysis of Topological Features in Biological Networks,ai,ai,0.2632218525483989,0.6914789142255802,3,0.08108108108108109,0.028774342928146592
ai_generate_diverse_ideas_llama_04_2,ai_generate_diverse_ideas_claude_03,Synthetic Biology for Biological Timekeeping: Design and Construction of Novel Biological Clocks,Deciphering the Glycan Code: Integrating Glycomics Data to Understand Carbohydrate-Mediated Cellular Communication,ai,ai,0.10135377381464124,0.5175805973759571,0,0.0,0.03189081900695097
ai_generate_diverse_ideas_llama_08_2,ai_generate_ideas_no_role_llama_10,Computational Analysis of Topological Features in Biological Networks,Community-Scale Identification of Non-Coding RNAs in Human Diseases,ai,ai,0.1558416422343837,0.707122228719367,3,0.08108108108108109,0.027152729533181246
ai_generate_diverse_ideas_llama_08_2,ai_generate_ideas_no_role_gpt_02,Computational Analysis of Topological Features in Biological Networks,Cross-Disciplinary Analysis of Neurodegenerative Diseases,ai,ai,0.1304212465343463,0.7166163021740339,3,0.08108108108108109,0.029695408825619884
ai_generate_diverse_ideas_llama_08_2,ai_generate_ideas_no_role_gpt_03,Computational Analysis of Topological Features in Biological Networks,Data-Driven Approach to Understanding Antibiotic Resistance,ai,ai,0.11064678571917981,0.6691795460208565,2,0.05263157894736842,0.030035276072588737
ai_generate_diverse_ideas_llama_08_2,ai_generate_ideas_no_role_gpt_04,Computational Analysis of Topological Features in Biological Networks,Synthetic Biology: Data Synthesis for Biofuel Production,ai,ai,0.18390011229197561,0.7105037411510412,4,0.1111111111111111,0.9999853739834917
ai_generate_diverse_ideas_llama_08_2,ai_generate_ideas_no_role_gpt_07,Computational Analysis of Topological Features in Biological Networks,Data-Driven Approach to Understanding Stem Cell Differentiation,ai,ai,0.11399488140257094,0.699352948551836,2,0.05263157894736842,0.030735615540565364
ai_generate_diverse_ideas_llama_08_2,ai_generate_ideas_no_role_gpt_08,Computational Analysis of Topological Features in Biological Networks,Synthetic Biology: Data Synthesis for Gene Therapy,ai,ai,0.1620427078189365,0.6482143220664244,2,0.05263157894736842,0.028558411452993072
ai_generate_diverse_ideas_llama_08_2,ai_generate_ideas_no_role_gpt_09,Computational Analysis of Topological Features in Biological Networks,Data Synthesis for Understanding Protein Folding,ai,ai,0.17168632560772434,0.7019395918857667,3,0.08108108108108109,0.027333043256948353
ai_generate_diverse_ideas_llama_08_2,ai_generate_ideas_no_role_qwen_04,Computational Analysis of Topological Features in Biological Networks,Cross-Disciplinary Analysis of Host-Microbiome Interactions in Chronic Inflammatory Diseases,ai,ai,0.12441998762001519,0.6850744922669769,1,0.02564102564102564,0.027585541744553937
ai_generate_diverse_ideas_llama_08_2,ai_generate_ideas_no_role_qwen_06,Computational Analysis of Topological Features in Biological Networks,Synthesizing Single-Cell Data to Explore Immune Cell Dynamics in Tumor Microenvironments,ai,ai,0.10226412220659428,0.6695910101199818,2,0.05263157894736842,0.027330308793932757
ai_generate_diverse_ideas_llama_08_2,ai_generate_ideas_no_role_qwen_09,Computational Analysis of Topological Features in Biological Networks,Synthesizing Plant Omics Data to Elucidate Stress Response Mechanisms,ai,ai,0.1663574407387191,0.6733111523386648,2,0.05263157894736842,0.026013819946105486
ai_generate_diverse_ideas_llama_08_2,ai_generate_diverse_ideas_gpt_04,Computational Analysis of Topological Features in Biological Networks,Synthesis of Proteomic Data for Drug Discovery,ai,ai,0.12989127491895044,0.6828273818250289,2,0.05263157894736842,0.9999990042923642
ai_generate_diverse_ideas_llama_08_2,ai_generate_diverse_ideas_gpt_05,Computational Analysis of Topological Features in Biological Networks,Integration of Epigenetic Data for Understanding Aging,ai,ai,0.14050815573113842,0.6241551409406629,2,0.05263157894736842,0.028759901764673003
ai_generate_diverse_ideas_llama_08_2,ai_generate_diverse_ideas_gpt_06,Computational Analysis of Topological Features in Biological Networks,Cross-Disciplinary Analysis of Metagenomic Data for Environmental Health,ai,ai,0.15977897750859243,0.6711968823546167,4,0.1111111111111111,0.03173773978729258
ai_generate_diverse_ideas_llama_08_2,ai_generate_diverse_ideas_gpt_06_2,Computational Analysis of Topological Features in Biological Networks,Cross-Disciplinary Approach to Unraveling the Mysteries of Genetic Disorders,ai,ai,0.17888751322303523,0.6922105623651598,2,0.05263157894736842,0.026935142745961902
ai_generate_diverse_ideas_llama_08_2,ai_generate_diverse_ideas_gpt_07_2,Computational Analysis of Topological Features in Biological Networks,Data Synthesis for Understanding the Molecular Mechanisms of Immune Response,ai,ai,0.14710760658767452,0.7088796097548056,3,0.08108108108108109,0.999984323838601
ai_generate_diverse_ideas_llama_08_2,ai_generate_diverse_ideas_gpt_08_2,Computational Analysis of Topological Features in Biological Networks,Synthesis of Molecular Data for Understanding the Impact of Lifestyle Factors on Human Health,ai,ai,0.1698337100080856,0.715562163235447,2,0.05263157894736842,0.02957771030575802
ai_generate_diverse_ideas_llama_08_2,ai_generate_diverse_ideas_llama_01,Computational Analysis of Topological Features in Biological Networks,Multimodal Data Integration for Predicting Cellular States,ai,ai,0.26540490334859435,0.7185746253817584,3,0.08108108108108109,0.9999789531809556
ai_generate_diverse_ideas_llama_08_2,ai_generate_diverse_ideas_llama_08,Computational Analysis of Topological Features in Biological Networks,Integrative Analysis of Metabolic and Regulatory Networks,ai,ai,0.21190053604418643,0.7955310408324607,3,0.08108108108108109,0.02660185283927173
ai_generate_diverse_ideas_llama_08_2,ai_generate_diverse_ideas_llama_09,Computational Analysis of Topological Features in Biological Networks,Data-Driven Insights into the Biology of Rare Diseases,ai,ai,0.19134152312887606,0.663499003539364,2,0.05263157894736842,0.027350225049051827
ai_generate_diverse_ideas_llama_08_2,ai_generate_diverse_ideas_llama_04_2,Computational Analysis of Topological Features in Biological Networks,Synthetic Biology for Biological Timekeeping: Design and Construction of Novel Biological Clocks,ai,ai,0.2632218525483987,0.6914789142255802,3,0.08108108108108109,0.028774342928146592
ai_generate_diverse_ideas_llama_08_2,ai_generate_diverse_ideas_claude_03,Computational Analysis of Topological Features in Biological Networks,Deciphering the Glycan Code: Integrating Glycomics Data to Understand Carbohydrate-Mediated Cellular Communication,ai,ai,0.1471406098171421,0.5476866142440561,2,0.05263157894736842,0.033740331245408664
ai_generate_diverse_ideas_claude_03,ai_generate_ideas_no_role_llama_10,Deciphering the Glycan Code: Integrating Glycomics Data to Understand Carbohydrate-Mediated Cellular Communication,Community-Scale Identification of Non-Coding RNAs in Human Diseases,ai,ai,0.1894048145832394,0.5302440966997651,3,0.08108108108108109,0.02907433484525429
ai_generate_diverse_ideas_claude_03,ai_generate_ideas_no_role_gpt_02,Deciphering the Glycan Code: Integrating Glycomics Data to Understand Carbohydrate-Mediated Cellular Communication,Cross-Disciplinary Analysis of Neurodegenerative Diseases,ai,ai,0.17048831099626802,0.560140234452806,3,0.08108108108108109,0.03248474006812056
ai_generate_diverse_ideas_claude_03,ai_generate_ideas_no_role_gpt_03,Deciphering the Glycan Code: Integrating Glycomics Data to Understand Carbohydrate-Mediated Cellular Communication,Data-Driven Approach to Understanding Antibiotic Resistance,ai,ai,0.1369283285854735,0.5297985133216281,2,0.05263157894736842,0.03435754528212705
ai_generate_diverse_ideas_claude_03,ai_generate_ideas_no_role_gpt_04,Deciphering the Glycan Code: Integrating Glycomics Data to Understand Carbohydrate-Mediated Cellular Communication,Synthetic Biology: Data Synthesis for Biofuel Production,ai,ai,0.17356197976143226,0.5680575208392982,2,0.05263157894736842,0.03349469054174945
ai_generate_diverse_ideas_claude_03,ai_generate_ideas_no_role_gpt_07,Deciphering the Glycan Code: Integrating Glycomics Data to Understand Carbohydrate-Mediated Cellular Communication,Data-Driven Approach to Understanding Stem Cell Differentiation,ai,ai,0.19016626137013082,0.538963062690561,2,0.05263157894736842,0.03641401052261503
ai_generate_diverse_ideas_claude_03,ai_generate_ideas_no_role_gpt_08,Deciphering the Glycan Code: Integrating Glycomics Data to Understand Carbohydrate-Mediated Cellular Communication,Synthetic Biology: Data Synthesis for Gene Therapy,ai,ai,0.168987960138764,0.4842090492739876,5,0.14285714285714285,0.031933887424380275
ai_generate_diverse_ideas_claude_03,ai_generate_ideas_no_role_gpt_09,Deciphering the Glycan Code: Integrating Glycomics Data to Understand Carbohydrate-Mediated Cellular Communication,Data Synthesis for Understanding Protein Folding,ai,ai,0.23577814432333008,0.555494043925044,4,0.1111111111111111,0.03193326540424313
ai_generate_diverse_ideas_claude_03,ai_generate_ideas_no_role_qwen_04,Deciphering the Glycan Code: Integrating Glycomics Data to Understand Carbohydrate-Mediated Cellular Communication,Cross-Disciplinary Analysis of Host-Microbiome Interactions in Chronic Inflammatory Diseases,ai,ai,0.1934891070981586,0.5447238979964439,3,0.08108108108108109,0.029920097748501694
ai_generate_diverse_ideas_claude_03,ai_generate_ideas_no_role_qwen_06,Deciphering the Glycan Code: Integrating Glycomics Data to Understand Carbohydrate-Mediated Cellular Communication,Synthesizing Single-Cell Data to Explore Immune Cell Dynamics in Tumor Microenvironments,ai,ai,0.24477500360054796,0.5216257950109401,5,0.14285714285714285,0.029550909491899393
ai_generate_diverse_ideas_claude_03,ai_generate_ideas_no_role_qwen_09,Deciphering the Glycan Code: Integrating Glycomics Data to Understand Carbohydrate-Mediated Cellular Communication,Synthesizing Plant Omics Data to Elucidate Stress Response Mechanisms,ai,ai,0.2203465103059372,0.5156668464161163,5,0.14285714285714285,0.03004383851295788
ai_generate_diverse_ideas_claude_03,ai_generate_diverse_ideas_gpt_04,Deciphering the Glycan Code: Integrating Glycomics Data to Understand Carbohydrate-Mediated Cellular Communication,Synthesis of Proteomic Data for Drug Discovery,ai,ai,0.18760786500530224,0.5751806366664785,4,0.1111111111111111,0.03566190155043734
ai_generate_diverse_ideas_claude_03,ai_generate_diverse_ideas_gpt_05,Deciphering the Glycan Code: Integrating Glycomics Data to Understand Carbohydrate-Mediated Cellular Communication,Integration of Epigenetic Data for Understanding Aging,ai,ai,0.15157950836405584,0.5176336103684219,3,0.08108108108108109,0.0325752897351153
ai_generate_diverse_ideas_claude_03,ai_generate_diverse_ideas_gpt_06,Deciphering the Glycan Code: Integrating Glycomics Data to Understand Carbohydrate-Mediated Cellular Communication,Cross-Disciplinary Analysis of Metagenomic Data for Environmental Health,ai,ai,0.16551631204620829,0.5434709457803503,3,0.08108108108108109,0.038127438274725575
ai_generate_diverse_ideas_claude_03,ai_generate_diverse_ideas_gpt_06_2,Deciphering the Glycan Code: Integrating Glycomics Data to Understand Carbohydrate-Mediated Cellular Communication,Cross-Disciplinary Approach to Unraveling the Mysteries of Genetic Disorders,ai,ai,0.24234349603322045,0.5511485123243675,4,0.1111111111111111,0.03027798692788458
ai_generate_diverse_ideas_claude_03,ai_generate_diverse_ideas_gpt_07_2,Deciphering the Glycan Code: Integrating Glycomics Data to Understand Carbohydrate-Mediated Cellular Communication,Data Synthesis for Understanding the Molecular Mechanisms of Immune Response,ai,ai,0.2401787450699196,0.5392298436715707,2,0.05263157894736842,0.033142068270428746
ai_generate_diverse_ideas_claude_03,ai_generate_diverse_ideas_gpt_08_2,Deciphering the Glycan Code: Integrating Glycomics Data to Understand Carbohydrate-Mediated Cellular Communication,Synthesis of Molecular Data for Understanding the Impact of Lifestyle Factors on Human Health,ai,ai,0.19061550016967932,0.5582328661789724,3,0.08108108108108109,0.03306707085533425
ai_generate_diverse_ideas_claude_03,ai_generate_diverse_ideas_llama_01,Deciphering the Glycan Code: Integrating Glycomics Data to Understand Carbohydrate-Mediated Cellular Communication,Multimodal Data Integration for Predicting Cellular States,ai,ai,0.2596917129960476,0.5375086217552745,4,0.1111111111111111,0.031139550843899147
ai_generate_diverse_ideas_claude_03,ai_generate_diverse_ideas_llama_08,Deciphering the Glycan Code: Integrating Glycomics Data to Understand Carbohydrate-Mediated Cellular Communication,Integrative Analysis of Metabolic and Regulatory Networks,ai,ai,0.15924597664030515,0.5791398167445962,3,0.08108108108108109,0.030509795021289747
ai_generate_diverse_ideas_claude_03,ai_generate_diverse_ideas_llama_09,Deciphering the Glycan Code: Integrating Glycomics Data to Understand Carbohydrate-Mediated Cellular Communication,Data-Driven Insights into the Biology of Rare Diseases,ai,ai,0.229340714996562,0.5436603255126531,4,0.1111111111111111,0.03116088929852088
ai_generate_diverse_ideas_claude_03,ai_generate_diverse_ideas_llama_04_2,Deciphering the Glycan Code: Integrating Glycomics Data to Understand Carbohydrate-Mediated Cellular Communication,Synthetic Biology for Biological Timekeeping: Design and Construction of Novel Biological Clocks,ai,ai,0.10135377381464113,0.5175805973759571,0,0.0,0.03189081900695097
ai_generate_diverse_ideas_claude_03,ai_generate_diverse_ideas_llama_08_2,Deciphering the Glycan Code: Integrating Glycomics Data to Understand Carbohydrate-Mediated Cellular Communication,Computational Analysis of Topological Features in Biological Networks,ai,ai,0.14714060981714222,0.5476866142440561,2,0.05263157894736842,0.033740331245408664
